name;customer_name;status_label;value;probability;orderdate;contact_name;responsible_name;description;status_text;status_date;customer_sourcenativeid;customer_registrationnr;customer_internalid;customer_integrationid;contact_sourcenativeid;contact_internalid;contact_integrationid;tags;source;created_date;offerdate
"Silex Microsystems CHARM 2023";"Silex Microsystems AB";"Fått utskick";"0";"0";"";"";"Julia Ekener";"";"";"2022-09-26";"1:200940912";"556591-5385";"";"232";"";"";"";"";"";"2022-08-28";""
"Eurofins Clinical Testing Sweden CHARM 2023";"Eurofins Clinical Testing Sweden AB";"Fått utskick";"0";"0";"";"";"Caroline Eriksson Anmälning 23";"";"";"2022-09-24";"1:203426306";"559300-5928";"";"";"";"";"";"";"";"2022-09-14";""
"Eurofins Food & Feed Testing Sweden AB CHARM 2023";"Eurofins Food & Feed Testing Sweden AB";"Fått utskick";"0";"0";"";"";"Caroline Eriksson Anmälning 23";"";"";"2022-09-22";"1:200344027";"556336-2473";"";"106";"";"";"";"";"";"2022-08-28";""
"Amaris CHARM 2023";"Amaris AB";"Fått utskick";"0";"0";"";"";"Gustav Ekelund Företagsevent 23";"";"";"2022-09-20";"1:202675885";"559069-8857";"";"";"";"";"";"CHARM2023";"";"2022-08-18";""
"Batteryloop Technologies CHARM 2023";"Batteryloop Technologies AB";"Fått utskick";"0";"0";"";"";"Gustav Ekelund Företagsevent 23";"";"";"2022-09-20";"1:202997866";"559119-9434";"";"";"";"";"";"";"";"2022-08-29";""
"Tamro CHARM 2023";"Tamro AB";"Fått utskick";"0";"0";"";"";"Julia Ekener";"";"";"2022-09-19";"1:200139267";"556020-2169";"";"261";"";"";"";"";"";"2022-08-28";""
"Portofgoth CHARM 2023";"Portofgoth";"Fått utskick";"0";"0";"";"";"Dina  Eskhria";"";"";"2022-09-15";"1:202739490";"561028-5172";"";"";"";"";"";"";"";"2022-08-29";""
"Eurofins BioPharma Product Testing Sweden CHARM 2023";"Eurofins Biopharma Product Testing Sweden AB";"Fått utskick";"0";"0";"";"";"Caroline Eriksson Anmälning 23";"";"";"2022-09-14";"1:200376432";"556225-2196";"";"";"";"";"";"";"";"2022-09-14";""
"AB Regin CHARM 2023";"AB Regin";"Fått utskick";"0";"0";"";"";"Gustav Ekelund Företagsevent 23";"";"";"2022-09-08";"1:200149646";"556414-5455";"";"1";"";"";"";"";"";"2022-08-30";""
"Recorded future CHARM 2023";"Recorded Future AB";"Fått utskick";"0";"0";"";"";"Caroline Eriksson Anmälning 23";"";"";"2022-09-08";"1:201839712";"556601-3297";"";"";"";"";"";"CHARM2023";"";"2022-08-18";""
"Swagelok Sweden  CHARM 2023";"Swagelok Sweden ";"Fått utskick";"0";"0";"";"";"Alice Eriksson GANoE 23";"";"";"2022-09-07";"";"556181-1877";"2713886";"";"";"";"";"";"";"2022-09-06";""
"INOVYN Sverige AB CHARM 2023";"INOVYN Sverige AB";"Fått utskick";"0";"0";"";"";"Alice Eriksson GANoE 23";"";"";"2022-09-07";"1:200168245";"556027-6635";"";"";"";"";"";"";"";"2022-09-06";""
"M3CS AB CHARM 2023";"M3CS AB";"Fått utskick";"0";"0";"";"";"Alice Eriksson GANoE 23";"";"";"2022-09-07";"1:203380349";"559275-6802";"";"";"";"";"";"";"";"2022-09-06";""
"Fore Development AB CHARM 2023";"Fore Development AB";"Fått utskick";"0";"0";"";"";"Alice Eriksson GANoE 23";"";"";"2022-09-07";"1:202872364";"559193-7742";"";"";"";"";"";"";"";"2022-09-06";""
"Torque Engineering AB CHARM 2023";"Torque Engineering AB";"Fått utskick";"0";"0";"";"";"Alice Eriksson GANoE 23";"";"";"2022-09-07";"1:202332012";"556941-1597";"";"";"";"";"";"";"";"2022-09-06";""
"Statkraft Energi AS svensk filial CHARM 2023";"Statkraft Energi AS svensk filial";"Fått utskick";"0";"0";"";"";"Alice Eriksson GANoE 23";"";"";"2022-09-07";"1:203501184";"516412-7721";"";"";"";"";"";"";"";"2022-09-06";""
"Aktea Energy AB CHARM 2023";"Aktea Energy AB";"Fått utskick";"0";"0";"";"";"Alice Eriksson GANoE 23";"";"";"2022-09-07";"1:201696892";"556748-5841";"";"";"";"";"";"";"";"2022-09-06";""
"Nordisk kompetens AB CHARM 2023";"Nordisk kompetens AB";"Fått utskick";"0";"0";"";"";"Alice Eriksson GANoE 23";"";"";"2022-09-07";"1:202417680";"556987-0750";"";"";"";"";"";"";"";"2022-09-06";""
"Aenigma AB CHARM 2023";"Aenigma AB";"Fått utskick";"0";"0";"";"";"Alice Eriksson GANoE 23";"";"";"2022-09-07";"1:200675521";"556314-9102";"";"";"";"";"";"";"";"2022-09-06";""
"Vinngroup AB CHARM 2023";"Vinngroup AB";"Fått utskick";"0";"0";"";"";"Alice Eriksson GANoE 23";"";"";"2022-09-07";"1:201783435";"556768-8345";"";"";"";"";"";"";"";"2022-09-06";""
"Elbit Systems Sweden AB CHARM 2023";"Elbit Systems Sweden AB";"Fått utskick";"0";"0";"";"";"Alice Eriksson GANoE 23";"";"";"2022-09-07";"1:203317563";"559250-5019";"";"";"";"";"";"";"";"2022-09-06";""
"J3M Structure AB CHARM 2023";"J3M Structure AB";"Fått utskick";"0";"0";"";"";"Alice Eriksson GANoE 23";"";"";"2022-09-07";"1:202550582";"559041-2846";"";"";"";"";"";"";"";"2022-09-06";""
"Recorded Future AB CHARM 2023";"Recorded Future AB";"Fått utskick";"0";"0";"";"";"Alice Eriksson GANoE 23";"";"";"2022-09-07";"1:201839712";"556601-3297";"";"";"";"";"";"";"";"2022-09-06";""
"Eeducation Albert AB CHARM 2023";"Eeducation Albert AB";"Fått utskick";"0";"0";"";"";"Alice Eriksson GANoE 23";"";"";"2022-09-07";"1:202532716";"559020-9093";"";"";"";"";"";"";"";"2022-09-06";""
"Helmsman Consulting AB CHARM 2023";"Helmsman Consulting AB";"Fått utskick";"0";"0";"";"";"Alice Eriksson GANoE 23";"";"";"2022-09-07";"1:202884118";"559206-8802";"";"";"";"";"";"";"";"2022-09-06";""
"protek development sweden CHARM 2023";"protek development sweden AB";"Fått utskick";"0";"0";"";"";"Ellen Schuchert";"";"";"2022-09-06";"1:202841648";"556961-4737";"";"";"";"";"";"";"";"2022-08-28";""
"Sensative AB CHARM 2023";"Sensative AB";"Fått utskick";"0";"0";"";"";"Ellen Schuchert";"";"";"2022-09-06";"1:202284046";"556922-4644";"";"";"";"";"";"";"";"2022-08-28";""
"Carlsberg CHARM 2023";"Carlsberg Sverige AB";"Fått utskick";"0";"0";"";"";"Alice Eriksson GANoE 23";"";"";"2022-09-06";"1:202227676";"556006-9980";"";"";"";"";"";"CHARM2023";"";"2022-08-18";""
"Derome CHARM 2023";"Derome AB";"Fått utskick";"0";"0";"";"";"Alice Eriksson GANoE 23";"";"";"2022-09-06";"1:200390141";"556120-4487";"";"87";"";"";"";"CHARM2023";"";"2022-08-18";""
"CGI CHARM 2023";"CGI Sverige AB";"Fått utskick";"0";"0";"";"";"Alice Eriksson GANoE 23";"";"";"2022-09-06";"1:200015017";"556337-2191";"";"60";"";"";"";"CHARM2023";"";"2022-08-18";""
"Trafikverket CHARM 2023";"Trafikverket";"Fått utskick";"0";"0";"";"";"Ellen Schuchert";"";"";"2022-09-06";"1:200001359";"202100-6297";"";"274";"";"";"";"";"";"2022-08-28";""
"Humblebee AB CHARM 2023";"Humblebee AB";"Fått utskick";"0";"0";"";"";"Elis Kleen IT 23";"";"";"2022-09-06";"1:202229999";"556909-7594";"";"138";"";"";"";"påminnelseutskick";"";"2022-08-29";""
"KSMG Media Group AB CHARM 2023";"KSMG Media Group AB";"Fått utskick";"0";"0";"";"";"Elis Kleen IT 23";"";"";"2022-09-06";"1:201970693";"556813-4059";"";"160";"";"";"";"påminnelseutskick";"";"2022-08-29";""
"Lean Marine Sweden AB CHARM 2023";"Yara Marine Sweden AB";"Fått utskick";"0";"0";"";"";"Elis Kleen IT 23";"";"";"2022-09-05";"1:202212817";"556905-6046";"";"165";"";"";"";"påminnelseutskick";"";"2022-08-29";""
"MacGregor Sweden AB CHARM 2023";"MacGregor Sweden AB";"Fått utskick";"0";"0";"";"";"Elis Kleen IT 23";"";"";"2022-09-05";"1:200140598";"556883-5630";"";"";"";"";"";"påminnelseutskick";"";"2022-09-05";""
"Maersk Sverige AB CHARM 2023";"Maersk Sverige AB";"Fått utskick";"0";"0";"";"";"Elis Kleen IT 23";"";"";"2022-09-05";"1:200462273";"556241-3434";"";"";"";"";"";"påminnelseutskick";"";"2022-09-05";""
"Beyond Gravity CHARM 2023";"Beyond Gravity Sweden AB";"Fått utskick";"0";"0";"";"";"Gustav Ekelund Företagsevent 23";"";"";"2022-09-05";"1:200276916";"556134-2204";"";"220";"";"";"";"";"";"2022-08-27";""
"Fastighets AB Balder CHARM 2023";"Fastighets AB Balder";"Fått utskick";"0";"0";"";"";"Caroline Eriksson Anmälning 23";"";"";"2022-09-05";"1:201479325";"556525-6905";"";"110";"";"";"";"";"";"2022-08-28";""
"EnviLoop AB CHARM 2023";"EnviLoop AB";"Fått utskick";"0";"0";"";"";"Caroline Eriksson Anmälning 23";"";"";"2022-09-05";"1:200898428";"556592-1938";"";"98";"";"";"";"";"";"2022-08-28";""
"Divid AB CHARM 2023";"Divid AB";"Fått utskick";"0";"0";"";"";"Caroline Eriksson Anmälning 23";"";"";"2022-09-05";"1:201589950";"556880-9106";"";"90";"";"";"";"";"";"2022-08-28";""
"BillerudKorsnäs CHARM 2023";"BillerudKorsnäs AB (publ)";"Fått utskick";"0";"0";"";"";"Gustav Ekelund Företagsevent 23";"";"";"2022-09-05";"1:200963437";"556025-5001";"";"38";"";"";"";"";"";"2022-08-29";""
"Futu (Futurice) Sweden CHARM 2023";"Futu Sweden AB";"Fått utskick";"0";"0";"";"";"Caroline Eriksson Anmälning 23";"";"";"2022-09-05";"1:202485142";"559014-2864";"";"120";"";"";"";"";"";"2022-08-28";""
"Tata Technologies Nordics CHARM 2023";"Tata Technologies Nordics AB";"Fått utskick";"0";"0";"";"";"Julia Ekener";"";"";"2022-09-05";"1:201860775";"556798-1286";"";"102";"";"";"";"";"";"2022-08-28";""
"Columbia Road AB CHARM 2023";"Columbia Road AB";"Fått utskick";"0";"0";"";"";"Alice Eriksson GANoE 23";"";"";"2022-09-05";"1:202822787";"559166-8412";"";"70";"";"";"";"";"";"2022-08-28";""
"Sendify CHARM 2023";"Sendify AB";"Fått utskick";"0";"0";"";"";"Julia Ekener";"";"";"2022-09-05";"1:202698568";"559102-5852";"";"";"";"";"";"";"";"2022-08-28";""
"Pilotfish Networks CHARM 2023";"Pilotfish Networks AB";"Fått utskick";"0";"0";"";"";"Dina  Eskhria";"";"";"2022-09-05";"1:200795094";"556565-2954";"";"205";"";"";"";"";"";"2022-08-29";""
"Preem CHARM 2023";"Preem AB";"Fått utskick";"0";"0";"";"";"Dina  Eskhria";"";"";"2022-09-05";"1:200003041";"556072-6977";"";"210";"";"";"";"";"";"2022-08-29";""
"Randstad CHARM 2023";"Randstad AB";"Fått utskick";"0";"0";"";"";"Dina  Eskhria";"";"";"2022-09-05";"1:200009145";"556242-1718";"";"217";"";"";"";"";"";"2022-08-29";""
"Pagero CHARM 2023";"Pagero AB";"Fått utskick";"0";"0";"";"";"Dina  Eskhria";"";"";"2022-09-05";"1:200853658";"556581-4695";"";"198";"";"";"";"";"";"2022-08-29";""
"Nouryon CHARM 2023";"Nouryon AB";"Fått utskick";"0";"0";"";"";"Dina  Eskhria";"";"";"2022-09-05";"1:201985233";"556416-0967";"";"192";"";"";"";"";"";"2022-08-29";""
"Mentice CHARM 2023";"Mentice AB";"Fått utskick";"0";"0";"";"";"Elis Kleen IT 23";"";"";"2022-09-05";"1:200803640";"556556-4241";"";"177";"";"";"";"påminnelseutskick";"";"2022-08-31";""
"Certaincy AB CHARM 2023";"Certaincy AB";"Fått utskick";"0";"0";"";"";"Alice Eriksson GANoE 23";"";"";"2022-09-05";"1:201787459";"556777-5449";"";"58";"";"";"";"";"";"2022-08-28";""
"Bokio Group AB CHARM 2023";"Bokio Group AB";"Fått utskick";"0";"0";"";"";"Alice Eriksson GANoE 23";"";"";"2022-09-05";"1:202145210";"556873-7877";"";"44";"";"";"";"";"";"2022-08-28";""
"BillerudKorsnäs Sweden AB CHARM 2023";"BillerudKorsnäs Sweden AB";"Fått utskick";"0";"0";"";"";"Alice Eriksson GANoE 23";"";"";"2022-09-05";"1:200227076";"556876-2974";"";"39";"";"";"";"";"";"2022-08-28";""
"EA Digital Illusions CE AB CHARM 2023";"EA Digital Illusions CE AB";"Fått utskick";"0";"0";"";"";"Caroline Eriksson Anmälning 23";"";"";"2022-09-05";"1:202334412";"556710-6520";"";"92";"";"";"";"";"";"2022-08-28";""
"Schenker CHARM 2023";"Schenker AB";"Fått utskick";"0";"0";"";"";"Julia Ekener";"";"";"2022-09-05";"1:200145669";"556250-3630";"";"225";"";"";"";"";"";"2022-08-28";""
"ABB CHARM 2023";"ABB AB";"Fått utskick";"0";"0";"";"";"Gustav Ekelund Företagsevent 23";"";"";"2022-08-30";"1:202909089";"559193-0903";"";"3";"";"";"";"";"";"2022-08-29";""
"I3TEX AB CHARM 2023";"I3TEX AB";"Fått utskick";"0";"0";"";"";"Elis Kleen IT 23";"";"";"2022-08-29";"1:200106481";"556576-4668";"";"140";"";"";"";"påminnelseutskick";"";"2022-08-29";""
"Mitsubishi Logisnext Europe AB CHARM 2023";"Mitsubishi Logisnext Europe AB";"Fått utskick";"0";"0";"";"";"Elis Kleen IT 23";"";"";"2022-08-29";"1:200162280";"556083-6461";"";"277";"";"";"";"påminnelseutskick";"";"2022-08-29";""
"Modelon AB CHARM 2023";"Modelon AB";"Fått utskick";"0";"0";"";"";"Elis Kleen IT 23";"";"";"2022-08-29";"1:201426818";"556672-3010";"";"182";"";"";"";"påminnelseutskick";"";"2022-08-29";""
"Mission Consultancy Assistance Sweden AB CHARM 2023";"Mission Consultancy Assistance Sweden AB";"Fått utskick";"0";"0";"";"";"Elis Kleen IT 23";"";"";"2022-08-29";"1:202258309";"556923-9030";"";"175";"";"";"";"påminnelseutskick";"";"2022-08-29";""
"Lantmännen Ek För CHARM 2023";"Lantmännen Ek För";"Fått utskick";"0";"0";"";"";"Elis Kleen IT 23";"";"";"2022-08-29";"1:200001525";"769605-2856";"";"164";"";"";"";"påminnelseutskick";"";"2022-08-29";""
"Lynk & Co International AB CHARM 2023";"Lynk & Co International AB";"Fått utskick";"0";"0";"";"";"Elis Kleen IT 23";"";"";"2022-08-29";"1:202777487";"559151-8161";"";"170";"";"";"";"påminnelseutskick";"";"2022-08-29";""
"Itello AB CHARM 2023";"Itello AB";"Fått utskick";"0";"0";"";"";"Elis Kleen IT 23";"";"";"2022-08-29";"1:201273755";"556638-5968";"";"152";"";"";"";"påminnelseutskick";"";"2022-08-29";""
"LAB.Gruppen CHARM 2023";"LAB.Gruppen";"Fått utskick";"0";"0";"";"";"Elis Kleen IT 23";"";"";"2022-08-29";"1:200142998";"556241-1511";"";"163";"";"";"";"påminnelseutskick";"";"2022-08-29";""
"Kålltorps Bygg AB CHARM 2023";"Kålltorps Bygg AB";"Fått utskick";"0";"0";"";"";"Elis Kleen IT 23";"";"";"2022-08-29";"1:200311047";"556583-0741";"";"162";"";"";"";"påminnelseutskick";"";"2022-08-29";""
"Kvaser AB CHARM 2023";"Kvaser AB";"Fått utskick";"0";"0";"";"";"Elis Kleen IT 23";"";"";"2022-08-29";"1:200641191";"556208-2619";"";"161";"";"";"";"påminnelseutskick";"";"2022-08-29";""
"Kungliga Tekniska högskolan CHARM 2023";"Kungliga Tekniska högskolan";"Fått utskick";"0";"0";"";"";"Elis Kleen IT 23";"";"";"2022-08-29";"1:200000386";"202100-3054";"";"235";"";"";"";"påminnelseutskick";"";"2022-08-29";""
"Knowit Connectivity AB CHARM 2023";"Knowit Connectivity AB";"Fått utskick";"0";"0";"";"";"Elis Kleen IT 23";"";"";"2022-08-29";"1:200726392";"556254-0673";"";"84";"";"";"";"påminnelseutskick";"";"2022-08-29";""
"Knowit AB (publ) CHARM 2023";"Knowit AB (publ)";"Fått utskick";"0";"0";"";"";"Elis Kleen IT 23";"";"";"2022-08-29";"1:200593065";"556391-0354";"";"157";"";"";"";"påminnelseutskick";"";"2022-08-29";""
"Kindred People AB CHARM 2023";"Kindred People AB";"Fått utskick";"0";"0";"";"";"Elis Kleen IT 23";"";"";"2022-08-29";"1:200926646";"556594-1621";"";"156";"";"";"";"påminnelseutskick";"";"2022-08-29";""
"KONE AB CHARM 2023";"KONE AB";"Fått utskick";"0";"0";"";"";"Elis Kleen IT 23";"";"";"2022-08-29";"1:200053438";"556234-4639";"";"159";"";"";"";"påminnelseutskick";"";"2022-08-29";""
"Johnson Matthey AB CHARM 2023";"Johnson Matthey AB";"Fått utskick";"0";"0";"";"";"Elis Kleen IT 23";"";"";"2022-08-29";"1:200505365";"556266-0463";"";"154";"";"";"";"påminnelseutskick";"";"2022-08-29";""
"Jeppesen Systems AB CHARM 2023";"Jeppesen Systems AB";"Fått utskick";"0";"0";"";"";"Elis Kleen IT 23";"";"";"2022-08-29";"1:200475377";"556484-0303";"";"153";"";"";"";"påminnelseutskick";"";"2022-08-29";""
"Invencon AB CHARM 2023";"Invencon AB";"Fått utskick";"0";"0";"";"";"Elis Kleen IT 23";"";"";"2022-08-29";"1:202361882";"556964-7588";"";"151";"";"";"";"påminnelseutskick";"";"2022-08-29";""
"Teach for sweden CHARM 2023";"Insamlingsstiftelsen Teach for Sweden";"Fått utskick";"0";"0";"";"";"Elis Kleen IT 23";"";"";"2022-08-29";"1:202312521";"802477-9103";"";"262";"";"";"";"CHARM2023|påminnelseutskick";"";"2022-08-18";""
"Innovatum Startup CHARM 2023";"Innovatum Startup";"Fått utskick";"0";"0";"";"";"Elis Kleen IT 23";"";"";"2022-08-29";"1:200067826";"556546-2008";"";"148";"";"";"";"påminnelseutskick";"";"2022-08-29";""
"Icomera AB CHARM 2023";"Icomera AB";"Fått utskick";"0";"0";"";"";"Elis Kleen IT 23";"";"";"2022-08-29";"1:200830175";"556572-2864";"";"143";"";"";"";"påminnelseutskick";"";"2022-08-29";""
"IVL Svenska Miljöinstitutet AB CHARM 2023";"IVL Svenska Miljöinstitutet AB";"Fått utskick";"0";"0";"";"";"Elis Kleen IT 23";"";"";"2022-08-29";"1:200000262";"556116-2446";"";"";"";"";"";"påminnelseutskick";"";"2022-08-29";""
"IKEA of Sweden AB CHARM 2023";"IKEA of Sweden AB";"Fått utskick";"0";"0";"";"";"Elis Kleen IT 23";"";"";"2022-08-29";"1:200095819";"556074-7551";"";"145";"";"";"";"påminnelseutskick";"";"2022-08-29";""
"IKEA IT AB CHARM 2023";"IKEA IT AB";"Fått utskick";"0";"0";"";"";"Elis Kleen IT 23";"";"";"2022-08-29";"1:200676360";"556322-9540";"";"";"";"";"";"påminnelseutskick";"";"2022-08-29";""
"IFS Sverige AB CHARM 2023";"IFS Sverige AB";"Fått utskick";"0";"0";"";"";"Elis Kleen IT 23";"";"";"2022-08-29";"1:200672707";"556211-7720";"";"144";"";"";"";"påminnelseutskick";"";"2022-08-29";""
"IBM Svenska AB CHARM 2023";"IBM Svenska AB";"Fått utskick";"0";"0";"";"";"Elis Kleen IT 23";"";"";"2022-08-29";"1:200005200";"556026-6883";"";"142";"";"";"";"påminnelseutskick";"";"2022-08-29";""
"IAESTE Sverige CHARM 2023";"IAESTE Sverige";"Fått utskick";"0";"0";"";"";"Elis Kleen IT 23";"";"";"2022-08-29";"1:201042898";"802016-2817";"";"141";"";"";"";"påminnelseutskick";"";"2022-08-29";""
"Husqvarna AB CHARM 2023";"Husqvarna AB";"Fått utskick";"0";"0";"";"";"Elis Kleen IT 23";"";"";"2022-08-29";"1:201796412";"556000-5331";"";"139";"";"";"";"påminnelseutskick";"";"2022-08-29";""
"Nexer CHARM 2023";"Nexer AB";"Fått utskick";"0";"0";"";"";"Dina  Eskhria";"";"";"2022-08-29";"1:200274818";"556451-9345";"";"231";"";"";"";"";"";"2022-08-29";""
"Bilfinger Engineering & Maintenance Nordics CHARM 2023";"Bilfinger Engineering & Maintenance Nordics AB";"Fått utskick";"0";"0";"";"";"Gustav Ekelund Företagsevent 23";"";"";"2022-08-29";"1:200286216";"556681-6111";"";"37";"";"";"";"";"";"2022-08-29";""
"Benify CHARM 2023";"Benify AB";"Fått utskick";"0";"0";"";"";"Gustav Ekelund Företagsevent 23";"";"";"2022-08-29";"1:201353852";"556595-0317";"";"36";"";"";"";"";"";"2022-08-29";""
"Bengt Dahlgren Göteborg CHARM 2023";"Bengt Dahlgren Göteborg AB";"Fått utskick";"0";"0";"";"";"Gustav Ekelund Företagsevent 23";"";"";"2022-08-29";"1:200145055";"556285-9370";"";"35";"";"";"";"";"";"2022-08-29";""
"BONEPROX CHARM 2023";"BONEPROX AB";"Fått utskick";"0";"0";"";"";"Gustav Ekelund Företagsevent 23";"";"";"2022-08-29";"1:202341362";"556945-1882";"";"45";"";"";"";"";"";"2022-08-29";""
"BNP Paribas Cardif Nordic CHARM 2023";"BNP Paribas Cardif Nordic AB";"Fått utskick";"0";"0";"";"";"Gustav Ekelund Företagsevent 23";"";"";"2022-08-29";"1:200981513";"556591-7902";"";"43";"";"";"";"";"";"2022-08-29";""
"BAE Systems Hägglunds CHARM 2023";"BAE Systems Hägglunds AB";"Fått utskick";"0";"0";"";"";"Gustav Ekelund Företagsevent 23";"";"";"2022-08-29";"1:200082778";"556305-6059";"";"";"";"";"";"";"";"2022-08-29";""
"BAE Systems Bofors CHARM 2023";"BAE Systems Bofors AB";"Fått utskick";"0";"0";"";"";"Gustav Ekelund Företagsevent 23";"";"";"2022-08-29";"1:200786542";"556204-1904";"";"";"";"";"";"";"";"2022-08-29";""
"Axis Communications CHARM 2023";"Axis Communications AB";"Fått utskick";"0";"0";"";"";"Gustav Ekelund Företagsevent 23";"";"";"2022-08-29";"1:200106431";"556253-6143";"";"";"";"";"";"";"";"2022-08-29";""
"Axfood CHARM 2023";"Axfood AB";"Fått utskick";"0";"0";"";"";"Gustav Ekelund Företagsevent 23";"";"";"2022-08-29";"1:200286072";"556542-0824";"";"";"";"";"";"";"";"2022-08-29";""
"Avo Consulting CHARM 2023";"Avo Consulting Sweden AB";"Fått utskick";"0";"0";"";"";"Gustav Ekelund Företagsevent 23";"";"";"2022-08-29";"1:202769820";"559077-6414";"";"31";"";"";"";"";"";"2022-08-29";""
"Atab Automationsteknik CHARM 2023";"Atab Automationsteknik AB";"Fått utskick";"0";"0";"";"";"Gustav Ekelund Företagsevent 23";"";"";"2022-08-29";"1:201377981";"556652-8906";"";"";"";"";"";"";"";"2022-08-29";""
"AstraZeneca CHARM 2023";"AstraZeneca AB";"Fått utskick";"0";"0";"";"";"Gustav Ekelund Företagsevent 23";"";"";"2022-08-29";"1:200043920";"556011-7482";"";"28";"";"";"";"";"";"2022-08-29";""
"Astecon CHARM 2023";"Astecon AB";"Fått utskick";"0";"0";"";"";"Gustav Ekelund Företagsevent 23";"";"";"2022-08-29";"1:201376831";"556662-2758";"";"27";"";"";"";"";"";"2022-08-29";""
"Ascom CHARM 2023";"Ascom (Sweden) AB";"Fått utskick";"0";"0";"";"";"Gustav Ekelund Företagsevent 23";"";"";"2022-08-29";"1:200140667";"556336-6292";"";"24";"";"";"";"";"";"2022-08-29";""
"Aros Electronics CHARM 2023";"Aros Electronics AB";"Fått utskick";"0";"0";"";"";"Gustav Ekelund Företagsevent 23";"";"";"2022-08-29";"1:203406882";"556105-4486";"";"22";"";"";"";"";"";"2022-08-29";""
"Arcotify Bostadslyftet CHARM 2023";"Arcotify Bostadslyftet AB";"Fått utskick";"0";"0";"";"";"Gustav Ekelund Företagsevent 23";"";"";"2022-08-29";"1:202793750";"559159-7058";"";"48";"";"";"";"";"";"2022-08-29";""
"Arcam CHARM 2023";"Arcam AB";"Fått utskick";"0";"0";"";"";"Gustav Ekelund Företagsevent 23";"";"";"2022-08-29";"1:200647968";"556539-5356";"";"122";"";"";"";"";"";"2022-08-29";""
"Antura CHARM 2023";"Antura AB";"Fått utskick";"0";"0";"";"";"Gustav Ekelund Företagsevent 23";"";"";"2022-08-29";"1:201199704";"556609-7316";"";"16";"";"";"";"";"";"2022-08-29";""
"Alfa Laval Technologies CHARM 2023";"Alfa Laval Technologies AB";"Fått utskick";"0";"0";"";"";"Gustav Ekelund Företagsevent 23";"";"";"2022-08-29";"1:200079239";"556016-8642";"";"";"";"";"";"";"";"2022-08-29";""
"Aker Solutions CHARM 2023";"Aker Solutions AB";"Fått utskick";"0";"0";"";"";"Gustav Ekelund Företagsevent 23";"";"";"2022-08-29";"1:202877055";"559193-0820";"";"";"";"";"";"";"";"2022-08-29";""
"Advania CHARM 2023";"Advania Sverige AB";"Fått utskick";"0";"0";"";"";"Gustav Ekelund Företagsevent 23";"";"";"2022-08-29";"1:200156253";"556214-9996";"";"8";"";"";"";"";"";"2022-08-29";""
"Addbio CHARM 2023";"Addbio AB";"Fått utskick";"0";"0";"";"";"Gustav Ekelund Företagsevent 23";"";"";"2022-08-29";"1:201718107";"556755-0982";"";"";"";"";"";"";"";"2022-08-29";""
"Acobia CHARM 2023";"Acobia AB";"Fått utskick";"0";"0";"";"";"Gustav Ekelund Företagsevent 23";"";"";"2022-08-29";"1:200811801";"556522-7161";"";"7";"";"";"";"";"";"2022-08-29";""
"AWA Sweden CHARM 2023";"AWA Sweden AB";"Fått utskick";"0";"0";"";"";"Gustav Ekelund Företagsevent 23";"";"";"2022-08-29";"1:200681860";"556082-7023";"";"32";"";"";"";"";"";"2022-08-29";""
"AVL MTC Motortestcenter CHARM 2023";"AVL MTC Motortestcenter AB";"Fått utskick";"0";"0";"";"";"Gustav Ekelund Företagsevent 23";"";"";"2022-08-29";"1:200175880";"556548-1867";"";"30";"";"";"";"";"";"2022-08-29";""
"ASSA ABLOY Opening Solutions CHARM 2023";"ASSA ABLOY Opening Solutions Sweden AB";"Fått utskick";"0";"0";"";"";"Gustav Ekelund Företagsevent 23";"";"";"2022-08-29";"1:200229906";"556034-3161";"";"26";"";"";"";"";"";"2022-08-29";""
"ASSA ABLOY CHARM 2023";"ASSA ABLOY AB";"Fått utskick";"0";"0";"";"";"Gustav Ekelund Företagsevent 23";"";"";"2022-08-29";"1:200515515";"556059-3575";"";"25";"";"";"";"";"";"2022-08-29";""
"ARM Sweden CHARM 2023";"ARM Sweden AB";"Fått utskick";"0";"0";"";"";"Gustav Ekelund Företagsevent 23";"";"";"2022-08-29";"1:201596963";"556715-4868";"";"21";"";"";"";"";"";"2022-08-29";""
"AKKA Technologies CHARM 2023";"AKKA Technologies";"Fått utskick";"0";"0";"";"";"Gustav Ekelund Företagsevent 23";"";"";"2022-08-29";"";"CHE-429.415.708";"347449";"12";"";"";"";"";"";"2022-08-29";""
"ACAD-International CHARM 2023";"ACAD-International AB";"Fått utskick";"0";"0";"";"";"Gustav Ekelund Företagsevent 23";"";"";"2022-08-29";"1:201516378";"556695-3971";"";"4";"";"";"";"";"";"2022-08-29";""
"Robert Bosch CHARM 2023";"Robert Bosch AB";"Fått utskick";"0";"0";"";"";"Dina  Eskhria";"";"";"2022-08-29";"1:200003818";"556047-1194";"";"47";"";"";"";"";"";"2022-08-29";""
"Renova CHARM 2023";"Renova AB";"Fått utskick";"0";"0";"";"";"Dina  Eskhria";"";"";"2022-08-29";"1:202349904";"556108-3337";"";"";"";"";"";"";"";"2022-08-29";""
"Rejlers Sverige CHARM 2023";"Rejlers Sverige AB";"Fått utskick";"0";"0";"";"";"Dina  Eskhria";"";"";"2022-08-29";"1:200007577";"556051-0272";"";"218";"";"";"";"";"";"2022-08-29";""
"Rebl Industries CHARM 2023";"Rebl Industries AB";"Fått utskick";"0";"0";"";"";"Dina  Eskhria";"";"";"2022-08-29";"1:202808888";"559167-1812";"";"";"";"";"";"";"";"2022-08-29";""
"Ramboll Sweden CHARM 2023 ";"Ramboll Sweden AB";"Fått utskick";"0";"0";"";"";"Dina  Eskhria";"";"";"2022-08-29";"1:200112215";"556133-0506";"";"216";"";"";"";"";"";"2022-08-29";""
"RISE CHARM 2023";"RISE Research Institutes of Sweden AB";"Fått utskick";"0";"0";"";"";"Dina  Eskhria";"";"";"2022-08-29";"1:202754943";"556464-6874";"";"219";"";"";"";"";"";"2022-08-29";""
"QRTECH CHARM 2023";"QRTECH AB";"Fått utskick";"0";"0";"";"";"Dina  Eskhria";"";"";"2022-08-29";"1:200680302";"556502-6373";"";"215";"";"";"";"";"";"2022-08-29";""
"Pöyry Sweden CHARM 2023";"Pöyry Sweden AB";"Fått utskick";"0";"0";"";"";"Dina  Eskhria";"";"";"2022-08-29";"1:201042866";"556850-0515";"";"214";"";"";"";"";"";"2022-08-29";""
"Pulsen CHARM 2023";"Pulsen AB";"Fått utskick";"0";"0";"";"";"Dina  Eskhria";"";"";"2022-08-29";"1:200769200";"556259-6428";"";"";"";"";"";"";"";"2022-08-29";""
"Projektengagemang Sweden CHARM 2023";"Projektengagemang Sweden AB";"Fått utskick";"0";"0";"";"";"Dina  Eskhria";"";"";"2022-08-29";"1:200589356";"556330-2602";"";"212";"";"";"";"";"";"2022-08-29";""
"Prime Public Relations i Sverige CHARM 2023";"Prime Public Relations i Sverige AB";"Fått utskick";"0";"0";"";"";"Dina  Eskhria";"";"";"2022-08-29";"1:200174883";"556551-0178";"";"211";"";"";"";"";"";"2022-08-29";""
"Polismyndigheten CHARM 2023";"Polismyndigheten";"Fått utskick";"0";"0";"";"";"Dina  Eskhria";"";"";"2022-08-29";"1:200001528";"202100-0076";"";"208";"";"";"";"";"";"2022-08-29";""
"Polestar Automotive CHARM 2023";"Polestar Automotive Sweden AB";"Fått utskick";"0";"0";"";"";"Dina  Eskhria";"";"";"2022-08-29";"1:203262065";"559225-6258";"";"";"";"";"";"";"";"2022-08-29";""
"Plejd CHARM 2023";"Plejd AB";"Fått utskick";"0";"0";"";"";"Dina  Eskhria";"";"";"2022-08-29";"1:201852959";"556790-9477";"";"207";"";"";"";"";"";"2022-08-29";""
"Phadia AB Thermofisher Scientific CHARM 2023";"Phadia AB ThermoFisher Scientific";"Fått utskick";"0";"0";"";"";"Dina  Eskhria";"";"";"2022-08-29";"1:200228946";"556041-3204";"";"";"";"";"";"";"";"2022-08-29";""
"People Productions Sweden AB Lärarförmedlarna CHARM 2023";"People Productions Sweden AB Lärarförmedlarna";"Fått utskick";"0";"0";"";"";"Dina  Eskhria";"";"";"2022-08-29";"1:200849225";"556577-1838";"";"203";"";"";"";"";"";"2022-08-29";""
"Patent- och registreringsverket PRV CHARM 2023";"Patent- och registreringsverket PRV";"Fått utskick";"0";"0";"";"";"Dina  Eskhria";"";"";"2022-08-29";"1:200001826";"202100-2072";"";"213";"";"";"";"";"";"2022-08-29";""
"Parker Hannfin Manufacturing Sweden CHARM 2023";"Parker Hannifin Manufacturing Sweden AB";"Fått utskick";"0";"0";"";"";"Dina  Eskhria";"";"";"2022-08-29";"1:200399588";"556045-9470";"";"";"";"";"";"";"";"2022-08-29";""
"Parker Hannfin Manufaruting Sweden CHARM 2023";"Parker Hannifin Manufacturing Sweden AB";"Fått utskick";"0";"0";"";"";"Dina  Eskhria";"";"";"2022-08-29";"1:200177828";"556045-9470";"";"201";"";"";"";"";"";"2022-08-29";""
"Parakey CHARM 2023";"Parakey AB";"Fått utskick";"0";"0";"";"";"Dina  Eskhria";"";"";"2022-08-29";"1:202396145";"556975-7296";"";"200";"";"";"";"";"";"2022-08-29";""
"Paper Province ek CHARM 2023";"Paper Province ek för";"Fått utskick";"0";"0";"";"";"Dina  Eskhria";"";"";"2022-08-29";"1:201269368";"769609-2647";"";"199";"";"";"";"";"";"2022-08-29";""
"POOLiA Väst CHARM 2023";"POOLiA Väst AB";"Fått utskick";"0";"0";"";"";"Dina  Eskhria";"";"";"2022-08-29";"1:200559260";"556399-9621";"";"209";"";"";"";"";"";"2022-08-29";""
"Organowood CHARM 2023";"OrganoWood AB";"Fått utskick";"0";"0";"";"";"Dina  Eskhria";"";"";"2022-08-29";"1:202001127";"556801-8906";"";"";"";"";"";"";"";"2022-08-29";""
"Opera Sweden CHARM 2023";"Opera Sweden AB";"Fått utskick";"0";"0";"";"";"Dina  Eskhria";"";"";"2022-08-29";"1:200719407";"556556-8770";"";"197";"";"";"";"";"";"2022-08-29";""
"Omnipunktse CHARM 2023";"Omnipunktse AB";"Fått utskick";"0";"0";"";"";"Dina  Eskhria";"";"";"2022-08-29";"1:201828951";"?";"";"";"";"";"";"";"";"2022-08-29";""
"Novacura CHARM 2023";"Novacura AB";"Fått utskick";"0";"0";"";"";"Dina  Eskhria";"";"";"2022-08-29";"1:201434118";"556675-8156";"";"193";"";"";"";"";"";"2022-08-29";""
"Nordic Paper Seffle CHARM 2023";"Nordic Paper Seffle AB";"Fått utskick";"0";"0";"";"";"Dina  Eskhria";"";"";"2022-08-29";"1:200253263";"556000-2221";"";"";"";"";"";"";"";"2022-08-29";""
"Nibe CHARM 2023";"Nibe AB";"Fått utskick";"0";"0";"";"";"Dina  Eskhria";"";"";"2022-08-29";"1:200107828";"556056-4485";"";"190";"";"";"";"";"";"2022-08-29";""
"Nexans Sweden CHARM 2023";"Nexans Sweden AB";"Fått utskick";"0";"0";"";"";"Dina  Eskhria";"";"";"2022-08-29";"1:200182591";"556021-8603";"";"189";"";"";"";"";"";"2022-08-29";""
"New Innovation Management CHARM 2023";"New Innovation Management";"Fått utskick";"0";"0";"";"";"Dina  Eskhria";"";"";"2022-08-29";"";"559138-0711";"347600";"188";"";"";"";"";"";"2022-08-29";""
"NKT HV Cables CHARM 2023";"NKT HV Cables AB";"Fått utskick";"0";"0";"";"";"Dina  Eskhria";"";"";"2022-08-29";"1:202696781";"559079-0290";"";"191";"";"";"";"";"";"2022-08-29";""
"Mycronic CHARM 2023";"Mycronic AB (publ)";"Fått utskick";"0";"0";"";"";"Dina  Eskhria";"";"";"2022-08-29";"1:200579980";"556351-2374";"";"186";"";"";"";"";"";"2022-08-29";""
"Mpya Sci & Tech CHARM 2023";"Mpya Sci & Tech AB";"Fått utskick";"0";"0";"";"";"Dina  Eskhria";"";"";"2022-08-29";"1:202907041";"559210-7204";"";"185";"";"";"";"";"";"2022-08-29";""
"Modis Sweden CHARM 2023";"Modis Sweden AB";"Fått utskick";"0";"0";"";"";"Dina  Eskhria";"";"";"2022-08-29";"1:202474518";"556694-0044";"";"183";"";"";"";"";"";"2022-08-29";""
"Granitor Systems AB CHARM 2023";"Granitor Systems AB";"Fått utskick";"0";"0";"";"";"Elis Kleen IT 23";"";"";"2022-08-29";"1:202216328";"556973-2828";"";"180";"";"";"";"påminnelseutskick";"";"2022-08-29";""
"T Engineering CHARM 2023";"T Engineering AB";"Fått utskick";"0";"0";"";"";"Julia Ekener";"";"";"2022-08-28";"1:201842323";"556780-6707";"";"265";"";"";"";"";"";"2022-08-28";""
"Swedish Match North Europe CHARM 2023 ";"Swedish Match North Europe AB";"Fått utskick";"0";"0";"";"";"Julia Ekener";"";"";"2022-08-28";"1:200005748";"556571-6924";"";"255";"";"";"";"";"";"2022-08-28";""
"Swedish Match CHARM 2023";"Swedish Match AB";"Fått utskick";"0";"0";"";"";"Julia Ekener";"";"";"2022-08-28";"1:200055551";"556015-0756";"";"254";"";"";"";"";"";"2022-08-28";""
"Svenska Pappers- & Cellulosaingeniörsföreningen CHARM 2023";"Svenska Pappers- & Cellulosaingeniörsföreningen";"Fått utskick";"0";"0";"";"";"Julia Ekener";"";"";"2022-08-28";"1:200053939";"802002-6012";"";"243";"";"";"";"";"";"2022-08-28";""
"Surikat CHARM 2023";"Surikat AB";"Fått utskick";"0";"0";"";"";"Julia Ekener";"";"";"2022-08-28";"1:201308038";"556633-0840";"";"248";"";"";"";"";"";"2022-08-28";""
"Skatteverket CHARM 2023";"Skatteverket";"Fått utskick";"0";"0";"";"";"Julia Ekener";"";"";"2022-08-28";"1:200053351";"202100-5448";"";"234";"";"";"";"";"";"2022-08-28";""
"Skanska Sverige CHARM 2023";"Skanska Sverige AB";"Fått utskick";"0";"0";"";"";"Julia Ekener";"";"";"2022-08-28";"1:200608864";"556033-9086";"";"";"";"";"";"";"";"2022-08-28";""
"Sandvine Sweden CHARM 2023";"Sandvine Sweden AB";"Fått utskick";"0";"0";"";"";"Julia Ekener";"";"";"2022-08-28";"1:201224976";"556596-0001";"";"223";"";"";"";"";"";"2022-08-28";""
"Sandvik CHARM 2023";"Sandvik AB";"Fått utskick";"0";"0";"";"";"Julia Ekener";"";"";"2022-08-28";"1:200293108";"556000-3468";"";"222";"";"";"";"";"";"2022-08-28";""
"SSAB CHARM 2023";"SSAB AB";"Fått utskick";"0";"0";"";"";"Julia Ekener";"";"";"2022-08-28";"1:200003192";"556016-3429";"";"";"";"";"";"";"";"2022-08-28";""
"SWECO Sverige Holding CHARM 2023";"SWECO Sverige Holding AB";"Fått utskick";"0";"0";"";"";"Julia Ekener";"";"";"2022-08-28";"1:201564884";"556032-2496";"";"252";"";"";"";"";"";"2022-08-28";""
"SNC-Lavalin CHARM 2023";"SNC-Lavalin";"Fått utskick";"0";"0";"";"";"Julia Ekener";"";"";"2022-08-28";"";"556577-3057";"347651";"239";"";"";"";"";"";"2022-08-28";""
"SEPAF CHARM 2023";"SEPAF";"Fått utskick";"0";"0";"";"";"Julia Ekener";"";"";"2022-08-28";"1:200514922";"802014-3262";"";"250";"";"";"";"";"";"2022-08-28";""
"SCA Skog CHARM 2023";"SCA Skog AB";"Fått utskick";"0";"0";"";"";"Julia Ekener";"";"";"2022-08-28";"1:200866298";"556048-2852";"";"";"";"";"";"";"";"2022-08-28";""
"Rosemount Tank Radar CHARM 2023";"Rosemount Tank Radar AB";"Fått utskick";"0";"0";"";"";"Julia Ekener";"";"";"2022-08-28";"1:200311258";"556043-5124";"";"96";"";"";"";"";"";"2022-08-28";""
"iNext CHARM 2023";"iNext AB";"Fått utskick";"0";"0";"";"";"Ellen Schuchert";"";"";"2022-08-28";"1:202888696";"559207-6995";"";"146";"";"";"";"";"";"2022-08-28";""
"Zozium CHARM 2023";"Zozium AB";"Fått utskick";"0";"0";"";"";"Ellen Schuchert";"";"";"2022-08-28";"1:202693337";"559097-8531";"";"";"";"";"";"";"";"2022-08-28";""
"Yara Marine Technologies CHARM 2023";"Yara Marine Technologies AB";"Fått utskick";"0";"0";"";"";"Ellen Schuchert";"";"";"2022-08-28";"1:202169021";"556860-1321";"";"292";"";"";"";"";"";"2022-08-28";""
"Worley Sverige CHARM 2023";"Worley Sverige AB";"Fått utskick";"0";"0";"";"";"Ellen Schuchert";"";"";"2022-08-28";"1:201287073";"556635-4048";"";"289";"";"";"";"";"";"2022-08-28";""
"Wirelesscar Sweden CHARM 2023";"Wirelesscar Sweden AB";"Fått utskick";"0";"0";"";"";"Ellen Schuchert";"";"";"2022-08-28";"1:201290037";"556640-4785";"";"288";"";"";"";"";"";"2022-08-28";""
"WSP CHARM 2023";"WSP";"Fått utskick";"0";"0";"";"";"Ellen Schuchert";"";"";"2022-08-28";"1:201606743";"556057-4880";"";"290";"";"";"";"";"";"2022-08-28";""
"Västra Götalandsregionen Regionkansliet CHARM 2023";"Västra Götalandsregionen Regionkansliet";"Fått utskick";"0";"0";"";"";"Ellen Schuchert";"";"";"2022-08-28";"1:200176885";"232100-0131";"";"287";"";"";"";"";"";"2022-08-28";""
"Volvogymnasiet CHARM 2023";"Volvogymnasiet";"Fått utskick";"0";"0";"";"";"Ellen Schuchert";"";"";"2022-08-28";"1:201488776";"556074-3089";"";"286";"";"";"";"";"";"2022-08-28";""
"Volvo Car Retail Solutions CHARM 2023";"Volvo Car Retail Solutions AB";"Fått utskick";"0";"0";"";"";"Ellen Schuchert";"";"";"2022-08-28";"1:200305212";"556289-4195";"";"285";"";"";"";"";"";"2022-08-28";""
"Vitec Software Group CHARM 2023";"Vitec Software Group AB (publ)";"Fått utskick";"0";"0";"";"";"Ellen Schuchert";"";"";"2022-08-28";"1:200663076";"556258-4804";"";"";"";"";"";"";"";"2022-08-28";""
"Vitec Appva CHARM 2023";"Vitec Appva AB";"Fått utskick";"0";"0";"";"";"Ellen Schuchert";"";"";"2022-08-28";"1:202160389";"556871-4967";"";"17";"";"";"";"";"";"2022-08-28";""
"Visit Group International CHARM 2023";"Visit Group International AB";"Fått utskick";"0";"0";"";"";"Ellen Schuchert";"";"";"2022-08-28";"1:200793183";"556559-7423";"";"284";"";"";"";"";"";"2022-08-28";""
"Virtual Manufacturing Sweden CHARM 2023";"Virtual Manufacturing Sweden AB";"Fått utskick";"0";"0";"";"";"Ellen Schuchert";"";"";"2022-08-28";"1:201594159";"556717-2084";"";"283";"";"";"";"";"";"2022-08-28";""
"Victor Hasselblad CHARM 2023";"Victor Hasselblad AB";"Fått utskick";"0";"0";"";"";"Ellen Schuchert";"";"";"2022-08-28";"1:200139415";"556528-3123";"";"130";"";"";"";"";"";"2022-08-28";""
"Veoneer Sweden CHARM 2023";"Veoneer Sweden AB";"Fått utskick";"0";"0";"";"";"Ellen Schuchert";"";"";"2022-08-28";"1:200728655";"559131-0841";"";"282";"";"";"";"";"";"2022-08-28";""
"Vattenfall Business Services Nordic CHARM 2023";"Vattenfall Business Services Nordic AB";"Fått utskick";"0";"0";"";"";"Ellen Schuchert";"";"";"2022-08-28";"1:200479050";"556439-0614";"";"280";"";"";"";"";"";"2022-08-28";""
"Vamlet CHARM 2023";"Valmet AB";"Fått utskick";"0";"0";"";"";"Ellen Schuchert";"";"";"2022-08-28";"1:203381071";"556017-3386";"";"";"";"";"";"";"";"2022-08-28";""
"VSM Group CHARM 2023";"VSM Group AB";"Fått utskick";"0";"0";"";"";"Ellen Schuchert";"";"";"2022-08-28";"1:200505571";"556538-8666";"";"251";"";"";"";"";"";"2022-08-28";""
"VAJPRO CHARM 2023";"VAJPRO AB";"Fått utskick";"0";"0";"";"";"Ellen Schuchert";"";"";"2022-08-28";"1:202716432";"559118-4691";"";"279";"";"";"";"";"";"2022-08-28";""
"Unionen Förbundskontoret CHARM 2023";"Unionen Förbundskontoret";"Fått utskick";"0";"0";"";"";"Ellen Schuchert";"";"";"2022-08-28";"1:200001902";"802001-5759";"";"278";"";"";"";"";"";"2022-08-28";""
"Unionen Club Koenigsegg";"Unionen Club In Koenigsegg";"Fått utskick";"0";"0";"";"";"Ellen Schuchert";"";"";"2022-08-28";"1:203592517";"802539-7582";"";"";"";"";"";"";"";"2022-08-28";""
"Unfors RaySafe CHARM 2023";"Unfors RaySafe AB";"Fått utskick";"0";"0";"";"";"Ellen Schuchert";"";"";"2022-08-28";"1:200201151";"556458-9751";"";"276";"";"";"";"";"";"2022-08-28";""
"Tyréns CHARM 2023";"Tyréns AB";"Fått utskick";"0";"0";"";"";"Ellen Schuchert";"";"";"2022-08-28";"1:201388395";"556269-4561";"";"";"";"";"";"";"";"2022-08-28";""
"Trimma CHARM 2023";"Trimma AB";"Fått utskick";"0";"0";"";"";"Ellen Schuchert";"";"";"2022-08-28";"1:202324227";"556653-0159";"";"";"";"";"";"";"";"2022-08-28";""
"Trendie CHARM 2023";"Trendie AB";"Fått utskick";"0";"0";"";"";"Ellen Schuchert";"";"";"2022-08-28";"1:202031841";"556842-3700";"";"174";"";"";"";"";"";"2022-08-28";""
"Toyota Material Handling Logistics Solutions CHARM 2023";"Toyota Material Handling Logistics Solutions AB";"Fått utskick";"0";"0";"";"";"Ellen Schuchert";"";"";"2022-08-28";"1:201544177";"556695-3245";"";"273";"";"";"";"";"";"2022-08-28";""
"Totalförsvarets forskningsinstitut FOI CHARM 2023";"Totalförsvarets forskningsinstitut FOI";"Fått utskick";"0";"0";"";"";"Ellen Schuchert";"";"";"2022-08-28";"1:200005401";"202100-5182";"";"";"";"";"";"";"";"2022-08-28";""
"Tobil CHARM 2023";"Tobii AB";"Fått utskick";"0";"0";"";"";"Ellen Schuchert";"";"";"2022-08-28";"1:201090158";"556613-9654";"";"272";"";"";"";"";"";"2022-08-28";""
"Tieto Sweden CHARM 2023";"Tieto Sweden AB";"Fått utskick";"0";"0";"";"";"Ellen Schuchert";"";"";"2022-08-28";"1:201122248";"556660-7601";"";"112";"";"";"";"";"";"2022-08-28";""
"Thomas Concrete Group CHARM 2023";"Thomas Concrete Group AB";"Fått utskick";"0";"0";"";"";"Ellen Schuchert";"";"";"2022-08-28";"1:200139964";"556062-2812";"";"";"";"";"";"";"";"2022-08-28";""
"Thomas Betong CHARM 2023";"Thomas Betong AB";"Fått utskick";"0";"0";"";"";"Ellen Schuchert";"";"";"2022-08-28";"1:200117298";"556276-3655";"";"269";"";"";"";"";"";"2022-08-28";""
"The Boston Consulting Group Nordic CHARM 2023";"The Boston Consulting Group Nordic AB";"Fått utskick";"0";"0";"";"";"Ellen Schuchert";"";"";"2022-08-28";"1:200196329";"556736-2008";"";"268";"";"";"";"";"";"2022-08-28";""
"Technology for Infrastructure projects Sweden CHARM 2023";"Technology for Infrastructure projects Sweden AB";"Fått utskick";"0";"0";"";"";"Ellen Schuchert";"";"";"2022-08-28";"1:202240351";"556919-0712";"";"267";"";"";"";"";"";"2022-08-28";""
"Tech Mahindra Limited CHARM 2023";"Tech Mahindra Limited Indien Filial";"Fått utskick";"0";"0";"";"";"Ellen Schuchert";"";"";"2022-08-28";"1:201864437";"516405-4115";"";"263";"";"";"";"";"";"2022-08-28";""
"Dowhile Groups Scandinavia AB CHARM 2023";"Dowhile Group Scandinavia AB";"Fått utskick";"0";"0";"";"";"Caroline Eriksson Anmälning 23";"";"";"2022-08-28";"1:202699262";"559108-9759";"";"91";"";"";"";"";"";"2022-08-28";""
"Host Mobility AB";"Host Mobility AB";"Fått utskick";"0";"0";"";"";"Caroline Eriksson Anmälning 23";"";"";"2022-08-28";"1:201366523";"556617-5054";"";"";"";"";"";"";"";"2022-08-28";""
"Holmen AB CHARM 2023";"Holmen AB";"Fått utskick";"0";"0";"";"";"Caroline Eriksson Anmälning 23";"";"";"2022-08-28";"1:200226521";"556001-3301";"";"136";"";"";"";"";"";"2022-08-28";""
"Hogia Public Transport Systems AB CHARM 2023";"Hogia Public Transport Systems AB";"Fått utskick";"0";"0";"";"";"Caroline Eriksson Anmälning 23";"";"";"2022-08-28";"1:200434008";"556516-7680";"";"135";"";"";"";"";"";"2022-08-28";""
"Hitachi Rail STS Sweden AB CHARM 2023";"Hitachi Rail STS Sweden AB";"Fått utskick";"0";"0";"";"";"Caroline Eriksson Anmälning 23";"";"";"2022-08-28";"1:200702167";"556386-3439";"";"15";"";"";"";"";"";"2022-08-28";""
"HiQ Göteborg AB CHARM 2023";"HiQ Göteborg AB";"Fått utskick";"0";"0";"";"";"Caroline Eriksson Anmälning 23";"";"";"2022-08-28";"1:200584794";"556244-6384";"";"133";"";"";"";"";"";"2022-08-28";""
"HAWCO AB CHARM 2023";"HAWCO AB";"Fått utskick";"0";"0";"";"";"Caroline Eriksson Anmälning 23";"";"";"2022-08-28";"1:202632783";"559072-4562";"";"131";"";"";"";"";"";"2022-08-28";""
"Gülermak Sweden Filial CHARM 2023";"Gülermak Swedish Filial";"Fått utskick";"0";"0";"";"";"Caroline Eriksson Anmälning 23";"";"";"2022-08-28";"1:202653145";"516410-6048";"";"128";"";"";"";"";"";"2022-08-28";""
"Gryaab AB CHARM 2023";"Gryaab AB";"Fått utskick";"0";"0";"";"";"Caroline Eriksson Anmälning 23";"";"";"2022-08-28";"1:200335741";"556137-2177";"";"";"";"";"";"";"";"2022-08-28";""
"Gridcore AB CHARM 2023";"Gridcore AB";"Fått utskick";"0";"0";"";"";"Caroline Eriksson Anmälning 23";"";"";"2022-08-28";"1:201226261";"556629-7866";"";"127";"";"";"";"";"";"2022-08-28";""
"GreenByte AB CHARM 2023";"GreenByte AB";"Fått utskick";"0";"0";"";"";"Caroline Eriksson Anmälning 23";"";"";"2022-08-28";"1:202014805";"556775-0103";"";"126";"";"";"";"";"";"2022-08-28";""
"Green ProLeap Consulting AB";"Green ProLeap Consulting AB";"Fått utskick";"0";"0";"";"";"Caroline Eriksson Anmälning 23";"";"";"2022-08-28";"1:202692009";"559103-1108";"";"125";"";"";"";"";"";"2022-08-28";""
"Graniten Engineering AB CHARM 2023";"Graniten Engineering AB";"Fått utskick";"0";"0";"";"";"Caroline Eriksson Anmälning 23";"";"";"2022-08-28";"1:201240155";"556628-2298";"";"124";"";"";"";"";"";"2022-08-28";""
"Good Solutions Sweden AB CHARM 2023";"Good Solutions Sweden AB";"Fått utskick";"0";"0";"";"";"Caroline Eriksson Anmälning 23";"";"";"2022-08-28";"1:201471980";"556658-6649";"";"";"";"";"";"";"";"2022-08-28";""
"Försvarsmaktens Tekniska skola FMTS CHARM 2023";"Försvarsmaktens Tekniska skola FMTS";"Fått utskick";"0";"0";"";"";"Caroline Eriksson Anmälning 23";"";"";"2022-08-28";"1:200114343";"202100-4615";"";"115";"";"";"";"";"";"2022-08-28";""
"Försvarets Radioanstalt FRA CHARM 2023";"Försvarets Radioanstalt FRA";"Fått utskick";"0";"0";"";"";"Caroline Eriksson Anmälning 23";"";"";"2022-08-28";"1:200045150";"202100-0365";"";"";"";"";"";"";"";"2022-08-28";""
"Fujitsu Sweden AB";"Fujitsu Sweden AB";"Fått utskick";"0";"0";"";"";"Caroline Eriksson Anmälning 23";"";"";"2022-08-28";"1:200489989";"556147-5897";"";"118";"";"";"";"";"";"2022-08-28";""
"Fortifikationsverket CHARM 2023";"Fortifikationsverket";"Fått utskick";"0";"0";"";"";"Caroline Eriksson Anmälning 23";"";"";"2022-08-28";"1:200005388";"202100-4607";"";"";"";"";"";"";"";"2022-08-28";""
"Fluido Sweden AB";"Fluido Sweden AB";"Fått utskick";"0";"0";"";"";"Caroline Eriksson Anmälning 23";"";"";"2022-08-28";"1:202156211";"556878-7187";"";"114";"";"";"";"";"";"2022-08-28";""
"Fiwe Systems & Consulting AB CHARM 2023";"Fiwe Systems & Consulting AB";"Fått utskick";"0";"0";"";"";"Caroline Eriksson Anmälning 23";"";"";"2022-08-28";"1:201558466";"556703-5745";"";"113";"";"";"";"";"";"2022-08-28";""
"FS Dynamics Sweden AB CHARM 2023";"FS Dynamics Sweden AB";"Fått utskick";"0";"0";"";"";"Caroline Eriksson Anmälning 23";"";"";"2022-08-28";"1:201359208";"556750-0847";"";"117";"";"";"";"";"";"2022-08-28";""
"FEV Sverige AB CHARM 2023";"FEV Sverige AB";"Fått utskick";"0";"0";"";"";"Caroline Eriksson Anmälning 23";"";"";"2022-08-28";"1:201615594";"556701-9210";"";"111";"";"";"";"";"";"2022-08-28";""
"Expleo Technology Nordic AB CHARM 2023";"Expleo Technology Nordic AB";"Fått utskick";"0";"0";"";"";"Caroline Eriksson Anmälning 23";"";"";"2022-08-28";"1:201642067";"556724-3869";"";"97";"";"";"";"";"";"2022-08-28";""
"Experis AB CHARM 2023";"Experis AB";"Fått utskick";"0";"0";"";"";"Caroline Eriksson Anmälning 23";"";"";"2022-08-28";"1:200992358";"556855-1104";"";"108";"";"";"";"";"";"2022-08-28";""
"Evolabel AB CHARM 2023";"Evolabel AB";"Fått utskick";"0";"0";"";"";"Caroline Eriksson Anmälning 23";"";"";"2022-08-28";"1:201651768";"556712-6767";"";"107";"";"";"";"";"";"2022-08-28";""
"Evimera EMR AB CHARM 2023";"Evimeria EMR AB";"Fått utskick";"0";"0";"";"";"Caroline Eriksson Anmälning 23";"";"";"2022-08-28";"1:202184174";"556896-8001";"";"";"";"";"";"";"";"2022-08-28";""
"Eurocon Consulting AB CHARM 2023";"Eurocon Consulting AB (publ)";"Fått utskick";"0";"0";"";"";"Caroline Eriksson Anmälning 23";"";"";"2022-08-28";"1:201688769";"556736-3188";"";"105";"";"";"";"";"";"2022-08-28";""
"Essity Hygiene and Health CHARM 2023";"Essity Hygiene and Health AB";"Fått utskick";"0";"0";"";"";"Caroline Eriksson Anmälning 23";"";"";"2022-08-28";"1:200141060";"556007-2356";"";"103";"";"";"";"";"";"2022-08-28";""
"ESAB AB CHARM 2023";"ESAB AB";"Fått utskick";"0";"0";"";"";"Caroline Eriksson Anmälning 23";"";"";"2022-08-28";"1:200140368";"556005-7738";"";"101";"";"";"";"";"";"2022-08-28";""
"ESA CHARM 2023";"ESA";"Fått utskick";"0";"0";"";"";"Caroline Eriksson Anmälning 23";"";"";"2022-08-28";"";"NL80.18.22.890.B.01";"347501";"100";"";"";"";"";"";"2022-08-28";""
"Doktorandsektionen Vid Chalmers Studentkår CHARM 2023";"Doktorandsektionen Vid Chalmers Studentkår";"Fått utskick";"0";"0";"";"";"Caroline Eriksson Anmälning 23";"";"";"2022-08-28";"1:201289409";"556479-5598";"";"61";"";"";"";"";"";"2022-08-28";""
"Wise Business Solutions Sweden AB CHARM 2023";"Wise Business Solutions Sweden AB";"Fått utskick";"0";"0";"";"";"Alice Eriksson GANoE 23";"";"";"2022-08-28";"1:202681774";"559090-9338";"";"40";"";"";"";"";"";"2022-08-28";""
"Denso Sweden AB CHARM 2023";"Denso Sweden AB";"Fått utskick";"0";"0";"";"";"Alice Eriksson GANoE 23";"";"";"2022-08-28";"1:200164190";"556548-1198";"";"85";"";"";"";"";"";"2022-08-28";""
"Den Ideella Föreningen Intize CHARM 2023";"Den Ideella Föreningen Intize";"Fått utskick";"0";"0";"";"";"Alice Eriksson GANoE 23";"";"";"2022-08-28";"1:201667799";"802437-5779";"";"150";"";"";"";"";"";"2022-08-28";""
"Dassault Systemes AB CHARM 2023";"Dassault Systemes AB";"Fått utskick";"0";"0";"";"";"Alice Eriksson GANoE 23";"";"";"2022-08-28";"1:200446082";"556444-9014";"";"";"";"";"";"";"";"2022-08-28";""
"Cyan Racing AB CHARM 2023";"Cyan Racing AB";"Fått utskick";"0";"0";"";"";"Alice Eriksson GANoE 23";"";"";"2022-08-28";"1:200364656";"556537-3171";"";"83";"";"";"";"";"";"2022-08-28";""
"Cryptzone Group AB CHARM 2023";"Cryptzone Group AB";"Fått utskick";"0";"0";"";"";"Alice Eriksson GANoE 23";"";"";"2022-08-28";"1:202338766";"556646-3013";"";"82";"";"";"";"";"";"2022-08-28";""
"Crepido AB CHARM 2023";"Crepido AB";"Fått utskick";"0";"0";"";"";"Alice Eriksson GANoE 23";"";"";"2022-08-28";"1:200904366";"556541-6103";"";"81";"";"";"";"";"";"2022-08-28";""
"Conmore Ingenjörsbyrå AB CHARM 2023";"Conmore Ingenjörsbyrå AB";"Fått utskick";"0";"0";"";"";"Alice Eriksson GANoE 23";"";"";"2022-08-28";"1:200044518";"556227-4000";"";"76";"";"";"";"";"";"2022-08-28";""
"Combitech AB CHARM 2023";"Combitech AB";"Fått utskick";"0";"0";"";"";"Alice Eriksson GANoE 23";"";"";"2022-08-28";"1:200166011";"556218-6790";"";"74";"";"";"";"";"";"2022-08-28";""
"Combination AB CHARM 2023";"Combination AB";"Fått utskick";"0";"0";"";"";"Alice Eriksson GANoE 23";"";"";"2022-08-28";"1:201417278";"556651-2371";"";"72";"";"";"";"";"";"2022-08-28";""
"Columbus Sweden AB CHARM 2023";"Columbus Sweden AB";"Fått utskick";"0";"0";"";"";"Alice Eriksson GANoE 23";"";"";"2022-08-28";"1:201630876";"556817-7124";"";"71";"";"";"";"";"";"2022-08-28";""
"Cognite AB CHARM 2023";"Cognite AB";"Fått utskick";"0";"0";"";"";"Alice Eriksson GANoE 23";"";"";"2022-08-28";"1:201885297";"556801-9326";"";"68";"";"";"";"";"";"2022-08-28";""
"China-Euro Vehicle Technology AB CHARM 2023";"China-Euro Vehicle Technology AB";"Fått utskick";"0";"0";"";"";"Alice Eriksson GANoE 23";"";"";"2022-08-28";"1:202274689";"556922-7639";"";"59";"";"";"";"";"";"2022-08-28";""
"Chalmers Teknologkonsulter AB CHARM 2023";"Chalmers Teknologkonsulter AB";"Fått utskick";"0";"0";"";"";"Alice Eriksson GANoE 23";"";"";"2022-08-28";"1:201402078";"556663-6212";"";"64";"";"";"";"";"";"2022-08-28";""
"Chalmers Studentkår Rekrytering AB CHARM 2023";"Chalmers Studentkår Rekrytering AB";"Fått utskick";"0";"0";"";"";"Alice Eriksson GANoE 23";"";"";"2022-08-28";"1:201724623";"556739-3433";"";"63";"";"";"";"";"";"2022-08-28";""
"Chalmers Studentkår Promotion AB CHARM 2023";"Chalmers Studentkår Promotion AB";"Fått utskick";"0";"0";"";"";"Alice Eriksson GANoE 23";"";"";"2022-08-28";"1:201742858";"556763-1394";"";"62";"";"";"";"";"";"2022-08-28";""
"Capgemini Sverige AB CHARM 2023";"Capgemini Sverige AB";"Fått utskick";"0";"0";"";"";"Alice Eriksson GANoE 23";"";"";"2022-08-28";"1:200031109";"556092-3053";"";"54";"";"";"";"";"";"2022-08-28";""
"CPAC Systems AB CHARM 2023";"CPAC Systems AB";"Fått utskick";"0";"0";"";"";"Alice Eriksson GANoE 23";"";"";"2022-08-28";"1:200888449";"556566-2870";"";"80";"";"";"";"";"";"2022-08-28";""
"COWI AB CHARM 2023";"COWI AB";"Fått utskick";"0";"0";"";"";"Alice Eriksson GANoE 23";"";"";"2022-08-28";"1:200140130";"556204-9501";"";"79";"";"";"";"";"";"2022-08-28";""
"Burt Intelligence AB CHARM 2023";"Burt Intelligence AB";"Fått utskick";"0";"0";"";"";"Alice Eriksson GANoE 23";"";"";"2022-08-28";"1:201802381";"559130-8274";"";"52";"";"";"";"";"";"2022-08-28";""
"Burt AB CHARM 2023";"Burt AB";"Fått utskick";"0";"0";"";"";"Alice Eriksson GANoE 23";"";"";"2022-08-28";"1:202809000";"556781-4537";"";"51";"";"";"";"";"";"2022-08-28";""
"Bufab Sweden AB CHAM 2023";"Bufab Sweden AB";"Fått utskick";"0";"0";"";"";"Alice Eriksson GANoE 23";"";"";"2022-08-28";"1:200407432";"556082-7973";"";"";"";"";"";"";"";"2022-08-28";""
"Brekke & Strand Akustik AB CHARM 2023";"Brekke & Strand Akustik AB";"Fått utskick";"0";"0";"";"";"Alice Eriksson GANoE 23";"";"";"2022-08-28";"1:201956420";"556815-3760";"";"49";"";"";"";"";"";"2022-08-28";""
"Borealis AB CHARM 2023";"Borealis AB";"Fått utskick";"0";"0";"";"";"Alice Eriksson GANoE 23";"";"";"2022-08-28";"1:200168258";"556078-6633";"";"46";"";"";"";"";"";"2022-08-28";""
"Bluetest AB CHARM 2023";"Bluetest AB";"Fått utskick";"0";"0";"";"";"Alice Eriksson GANoE 23";"";"";"2022-08-28";"1:200931682";"556597-4218";"";"42";"";"";"";"";"";"2022-08-28";""
"Bitadict AB CHARM 2023";"Bitaddict AB";"Fått utskick";"0";"0";"";"";"Alice Eriksson GANoE 23";"";"";"2022-08-28";"1:202371122";"556970-1864";"";"41";"";"";"";"";"";"2022-08-28";""
"Stena Recycling AB";"Stena Recycling AB";"GetAccept Signerad (IA)";"0";"0";"";"";"Caroline Eriksson Anmälning 23";"";"";"2022-09-27";"1:200718877";"556132-1752";"";"";"";"";"";"";"";"2022-09-27";""
"MCA Sweden CHARM 2023";"mcare Sweden AB";"GetAccept Signerad (IA)";"0";"0";"";"";"Caroline Eriksson Anmälning 23";"";"";"2022-09-24";"1:202788672";"559002-5341";"";"";"";"";"";"";"";"2022-09-24";""
"PE Teknik & Arkitektur CHARM 2023";"PE Teknik & Arkitektur AB";"GetAccept Signerad (IA)";"0";"0";"";"";"Dina  Eskhria";"";"";"2022-09-24";"1:200414028";"556896-8308";"";"202";"";"";"";"";"";"2022-08-29";""
"Berg Propulsion Production CHARM 2023";"Berg Propulsion Production AB";"GetAccept Signerad (IA)";"0";"0";"";"";"Gustav Ekelund Företagsevent 23";"";"";"2022-09-24";"1:200157431";"556568-3058";"";"55";"";"";"";"";"";"2022-08-29";""
"Infotiv AB CHARM 2023";"Infotiv AB";"GetAccept Signerad (IA)";"0";"0";"";"";"Elis Kleen IT 23";"";"";"2022-09-24";"1:200609583";"556552-9640";"";"147";"";"";"";"";"";"2022-08-29";""
"Vector CHARM2023";"Vector";"GetAccept Signerad (IA)";"0";"0";"";"";"Ellen Schuchert";"";"";"2022-09-24";"1:200740957";"556786-3963";"";"19";"";"";"";"CHARM2023";"";"2022-08-18";""
"Egnahemsbolaget CHARM 2023";"Egnahemsbolaget";"GetAccept Signerad (IA)";"0";"0";"";"";"Caroline Eriksson Anmälning 23";"";"";"2022-09-24";"";"";"2666749";"";"";"";"";"";"";"2022-08-28";""
"Broccoli Engineering AB CHARM 2023";"Broccoli Engineering AB";"GetAccept Signerad (IA)";"0";"0";"";"";"Alice Eriksson GANoE 23";"";"";"2022-09-24";"1:202274462";"556676-6308";"";"50";"";"";"";"";"";"2022-08-28";""
"Lime Technologies Sweden AB CHARM 2023";"Lime Technologies Sweden AB";"GetAccept Signerad (IA)";"0";"0";"";"";"Elis Kleen IT 23";"";"";"2022-09-24";"1:200076730";"556397-0465";"";"";"";"";"";"";"";"2022-08-29";""
"Syntronic CHARM 2023";"Syntronic Research and Development AB";"GetAccept Signerad (IA)";"0";"0";"";"";"Julia Ekener";"";"";"2022-09-24";"1:200481918";"556807-4578";"";"258";"";"";"";"";"";"2022-08-23";""
"Intility AB CHARM 2023";"Intility AB";"GetAccept Signerad (IA)";"0";"0";"";"";"Alice Eriksson GANoE 23";"";"";"2022-09-24";"1:202728221";"556602-4286";"";"";"";"";"";"";"";"2022-09-13";""
"Schlumberger Information Solutions CHARM 2023";"Schlumberger Information Solutions As";"GetAccept Signerad (IA)";"0";"0";"";"";"Julia Ekener";"";"";"2022-09-24";"1:202924316";"999999-9999";"";"226";"";"";"";"";"";"2022-08-28";""
"GE additive CHARM2023";"GE additive";"GetAccept Signerad (IA)";"0";"0";"";"";"Caroline Eriksson Anmälning 23";"";"";"2022-09-24";"";"556539-5356";"2637796";"";"";"";"";"CHARM2023";"";"2022-08-18";""
"Swisslog CHARM 2023";"Swisslog AB";"GetAccept Signerad (IA)";"0";"0";"";"";"Julia Ekener";"";"";"2022-09-24";"1:200139409";"556039-1699";"";"";"";"";"";"";"";"2022-08-28";""
"Centiro Solutions AB CHARM 2023";"Centiro Solutions AB";"GetAccept Signerad (IA)";"0";"0";"";"";"Alice Eriksson GANoE 23";"";"";"2022-09-24";"1:200493147";"556396-8063";"";"57";"";"";"";"";"";"2022-08-28";""
"Combine Control Systems AB CHARM 2023";"Combine Control Systems AB";"GetAccept Signerad (IA)";"0";"0";"";"";"Alice Eriksson GANoE 23";"";"";"2022-09-24";"1:201479557";"556674-5484";"";"73";"";"";"";"";"";"2022-08-28";""
"Sigholm Tech CHARM 2023";"Sigholm Tech AB";"GetAccept Signerad (IA)";"0";"0";"";"";"Julia Ekener";"";"";"2022-09-24";"1:201935767";"556807-3612";"";"230";"";"";"";"";"";"2022-08-28";""
"Ocean Infinity AB CHARM 2023";"Ocean Infinity AB";"GetAccept Signerad (IA)";"0";"0";"";"";"Alice Eriksson GANoE 23";"";"";"2022-09-24";"1:200269852";"556679-4706";"";"";"";"";"";"";"";"2022-09-05";""
"Avatron AB CHARM 2023";"Avatron AB";"GetAccept Signerad (IA)";"0";"0";"";"";"Alice Eriksson GANoE 23";"";"";"2022-09-24";"1:202730240";"559119-1274";"";"";"";"";"";"";"";"2022-09-05";""
"Ongoing Warehouse CHARM 2023";"Ongoing Warehouse AB";"GetAccept Signerad (IA)";"0";"0";"";"";"Dina  Eskhria";"";"";"2022-09-24";"1:201721936";"556757-8678";"";"196";"";"";"";"";"";"2022-08-29";""
"Aptiv Contract Services";"Aptiv Contract Services Sweden AB";"GetAccept Signerad (IA)";"0";"0";"";"";"Gustav Ekelund Företagsevent 23";"";"";"2022-09-24";"1:200640690";"556541-7770";"";"18";"";"";"";"";"";"2022-08-29";""
"Lumibird Photonics Sweden AB CHARM 2023";"Lumibird Photonics Sweden AB";"GetAccept Signerad (IA)";"0";"0";"";"";"Elis Kleen IT 23";"";"";"2022-09-24";"1:203415863";"559297-0221";"";"";"";"";"";"";"";"2022-08-29";""
"EDAG Engineering Scandinavia AB CHARM 2023";"EDAG Engineering Scandinavia AB";"GetAccept Signerad (IA)";"0";"0";"";"";"Caroline Eriksson Anmälning 23";"";"";"2022-09-24";"1:200533693";"556420-7065";"";"94";"";"";"";"";"";"2022-08-28";""
"Borås Energi och Miljö AB CHARM 2023";"Borås Energi och Miljö AB";"GetAccept Signerad (IA)";"0";"0";"";"";"Alice Eriksson GANoE 23";"";"";"2022-09-24";"1:200217804";"556527-5590";"";"";"";"";"";"";"";"2022-08-28";""
"Klimator AB CHARM 2023";"Klimator AB";"GetAccept Signerad (IA)";"0";"0";"";"";"Caroline Eriksson Anmälning 23";"";"";"2022-09-24";"1:201209468";"556617-7803";"";"";"";"";"";"";"";"2022-09-06";""
"Academic Work CHARM 2023";"Academic Work Sweden AB";"GetAccept Signerad (IA)";"0";"0";"";"";"Gustav Ekelund Företagsevent 23";"";"";"2022-09-24";"1:200926872";"556559-5450";"";"5";"";"";"";"";"";"2022-08-25";""
"Etteplan Sweden AB CHARM 2023";"Etteplan Sweden AB";"GetAccept Signerad (IA)";"0";"0";"";"";"Caroline Eriksson Anmälning 23";"";"";"2022-09-24";"1:200126438";"556526-0592";"";"104";"";"";"";"";"";"2022-08-28";""
"Kollmorgen Automation AB CHARM 2023";"Kollmorgen Automation AB";"GetAccept Signerad (IA)";"0";"0";"";"";"Elis Kleen IT 23";"";"";"2022-09-24";"1:200156293";"556114-2778";"";"158";"";"";"";"";"";"2022-08-29";""
"Hitachi Energy Sweden CHARM 2023";"Hitachi Energy Sweden AB";"GetAccept Signerad (IA)";"0";"0";"";"";"Gustav Ekelund Företagsevent 23";"";"";"2022-09-24";"1:200258235";"556029-7029";"";"134";"";"";"";"";"";"2022-08-29";""
"Framtiden i Sverige AB CHARM 2023";"Framtiden i Sverige AB";"GetAccept Signerad (IA)";"0";"0";"";"";"Caroline Eriksson Anmälning 23";"";"";"2022-09-24";"1:201491507";"556686-5142";"";"116";"";"";"";"";"";"2022-08-28";""
"Diadrom Systems AB CHARM 2023";"Diadrom Systems AB";"GetAccept Signerad (IA)";"0";"0";"";"";"Alice Eriksson GANoE 23";"";"";"2022-09-24";"1:201065386";"556603-4426";"";"89";"";"";"";"";"";"2022-08-28";""
"Technity Engineering AB CHARM 2023";"Technity Engineering AB";"GetAccept Signerad (IA)";"0";"0";"";"";"Ellen Schuchert";"";"";"2022-09-24";"1:202056156";"556843-8195";"";"";"";"";"";"";"";"2022-08-28";""
"Göteborgs Energi AB CHARM 2023";"Göteborg Energi AB";"GetAccept Signerad (IA)";"0";"0";"";"";"Caroline Eriksson Anmälning 23";"";"";"2022-09-21";"1:200139276";"556362-6794";"";"129";"";"";"";"";"";"2022-08-28";""
"GKN Aerospace Sweden AB CHARM 2023";"GKN Aerospace Sweden AB";"GetAccept Signerad (IA)";"0";"0";"";"";"Caroline Eriksson Anmälning 23";"";"";"2022-09-21";"1:200175648";"556029-0347";"";"123";"";"";"";"";"";"2022-08-28";""
"Exsitec AB CHARM 2023";"Exsitec AB";"GetAccept Signerad (IA)";"0";"0";"";"";"Caroline Eriksson Anmälning 23";"";"";"2022-09-21";"1:200920660";"556592-7455";"";"109";"";"";"";"";"";"2022-08-28";""
"Aarsleff CHARM 2023";"Aarsleff Ground Engineering AB";"GetAccept Signerad (IA)";"0";"0";"";"";"Gustav Ekelund Företagsevent 23";"";"";"2022-09-21";"1:200771234";"556524-5981";"";"";"";"";"";"CHARM2023";"";"2022-08-18";""
"Einride CHARM 2023";"Einride AB";"GetAccept Signerad (IA)";"0";"0";"";"";"Caroline Eriksson Anmälning 23";"";"";"2022-09-21";"1:202634048";"559074-8926";"";"95";"";"";"";"CHARM2023";"";"2022-08-18";""
" Chalmers forskarutbildning CHARM 2023";"";"Fyllt i IA";"0";"0";"";"";"Elis Kleen IT 23";"";"";"2022-09-28";"";"";"";"";"";"";"";"";"";"2022-09-28";""
"Tradera Marketplace AB CHARM 2023";"Tradera Marketplace AB";"Fyllt i IA";"0";"0";"";"";"Alice Eriksson GANoE 23";"";"";"2022-09-28";"1:200824009";"556569-4642";"";"";"";"";"";"";"";"2022-09-06";""
"TIBCO CHARM2023";"TIBCO Software AB";"Fyllt i IA";"0";"0";"";"";"Julia Ekener";"";"";"2022-09-28";"1:200066247";"556593-3115";"";"271";"";"";"";"CHARM2023";"";"2022-08-18";""
"Coherent CHARM 2023";"Optoskand AB";"Fyllt i IA";"0";"0";"";"";"Alice Eriksson GANoE 23";"";"";"2022-09-26";"1:201133118";"556617-8538";"";"69";"";"";"";"CHARM2023";"";"2022-08-18";""
"Easy-Laser AB CHARM 2023";"Easy-Laser AB";"Fyllt i IA";"0";"0";"";"";"Caroline Eriksson Anmälning 23";"";"";"2022-09-26";"1:200197571";"556474-3705";"";"93";"";"";"";"";"";"2022-08-28";""
"Plasman Industri CHARM 2023";"Plasman Industri AB";"Fyllt i IA";"0";"0";"";"";"Dina  Eskhria";"";"";"2022-09-26";"1:201824858";"556532-8845";"";"206";"";"";"";"";"";"2022-08-29";""
"SOPRA STERIA Sweden CHARM 2023";"SOPRA STERIA SWEDEN AB";"Fyllt i IA";"0";"0";"";"";"Julia Ekener";"";"";"2022-09-23";"1:200238956";"556284-2319";"";"241";"";"";"";"";"";"2022-08-28";""
"Consilium Marine & Safety AB CHARM 2023";"Consilium Marine & Safety AB";"Fyllt i IA";"0";"0";"";"";"Alice Eriksson GANoE 23";"";"";"2022-09-21";"1:201161795";"556070-9353";"";"78";"";"";"";"";"";"2022-08-28";""
"CANEA Partner Group AB CHARM 2023";"CANEA Partner Group AB";"Fyllt i IA";"0";"0";"";"";"Alice Eriksson GANoE 23";"";"";"2022-09-19";"1:200402325";"556549-3268";"";"53";"";"";"";"";"";"2022-08-28";""
"Scania CV CHARM 2023";"Scania CV AB";"Fyllt i IA";"0";"0";"";"";"Julia Ekener";"";"";"2022-09-19";"1:200043947";"556084-0976";"";"224";"";"";"";"";"";"2022-08-28";""
"Meridion CHARM 2023";"Meridion AB";"Fyllt i IA";"0";"0";"";"";"Elis Kleen IT 23";"";"";"2022-09-19";"1:201471960";"556654-4499";"";"178";"";"";"";"";"";"2022-09-19";""
"Stendahls CHARM 2023";"Stendahls Group AB";"Fyllt i IA";"0";"0";"";"";"Elin Nilsson Anmälning 22";"";"";"2022-09-19";"1:202672874";"556680-1808";"";"";"";"";"";"CHARM2023";"";"2022-08-18";""
"Ericsson AB CHARM 2023";"Ericsson AB";"Fyllt i IA";"0";"0";"";"";"Caroline Eriksson Anmälning 23";"";"";"2022-09-14";"1:202298664";"556056-6258";"";"99";"";"";"";"";"";"2022-08-28";""
"Sogeti Sverige CHARM 2023";"Sogeti Sverige AB";"Fyllt i IA";"0";"0";"";"";"Julia Ekener";"";"";"2022-09-13";"1:201256983";"556631-4687";"";"240";"";"";"";"";"";"2022-08-28";""
"Collector Bank AB CHARM 2023";"Collector Bank AB";"Fyllt i IA";"0";"0";"";"";"Alice Eriksson GANoE 23";"";"";"2022-09-13";"1:200730796";"556597-0513";"";"";"";"";"";"";"";"2022-09-13";""
"Södra Skogsägarna CHARM 2023";"Södra Skogsägarna ek för";"Fyllt i IA";"0";"0";"";"";"Julia Ekener";"";"";"2022-09-13";"1:200126024";"729500-3789";"";"260";"";"";"";"";"";"2022-08-28";""
"LumenRadio AB CHARM 2023";"LumenRadio AB";"Fyllt i IA";"0";"0";"";"";"Elis Kleen IT 23";"";"";"2022-09-12";"1:201748386";"556761-7492";"";"169";"";"";"";"";"";"2022-08-29";""
"Cobham Gaisler AB CHARM 2023";"Cobham Gaisler AB";"Fyllt i IA";"0";"0";"";"";"Alice Eriksson GANoE 23";"";"";"2022-09-12";"1:201332139";"556660-0994";"";"67";"";"";"";"";"";"2022-08-28";""
"Agreat CHARM 2023";"agreat AB";"Fyllt i IA";"0";"0";"";"";"Ellen Schuchert";"";"";"2022-09-12";"1:202717498";"559111-6313";"";"11";"";"";"";"CHARM2023";"";"2022-08-18";""
"Stendahls Group AB";"Stendahls Group AB";"Fyllt i IA";"0";"0";"";"";"Alice Eriksson GANoE 23";"";"";"2022-09-12";"1:202672874";"556680-1808";"";"";"";"";"";"";"";"2022-09-06";""
"Massive Entertainment CHARM 2023";"Massive Entertainment";"Fyllt i IA";"0";"0";"";"";"Alice Eriksson GANoE 23";"";"";"2022-09-12";"";"SE556758361101";"2713736";"";"";"";"";"";"";"2022-09-06";""
"Consat AB CHARM 2023";"Consat AB";"Fyllt i IA";"0";"0";"";"";"Alice Eriksson GANoE 23";"";"";"2022-09-08";"1:200740224";"556361-0723";"";"77";"";"";"";"";"";"2022-08-28";""
"Iconworks CHARM 2023";"Iconworks AB";"Fyllt i IA";"0";"0";"";"";"Elis Kleen IT 23";"";"";"2022-09-08";"1:203533632";"559351-0919";"";"";"";"";"";"CHARM2023";"";"2022-08-18";""
"Thorlabs Sweden CHARM 2023";"Thorlabs Sweden AB";"Fyllt i IA";"0";"0";"";"";"Caroline Eriksson Anmälning 23";"";"";"2022-09-07";"1:201361665";"556639-2162";"";"270";"";"";"";"";"";"2022-08-28";""
"AFRY CHARM 2023";"AFRY AB";"Fyllt i IA";"0";"0";"";"";"Gustav Ekelund Företagsevent 23";"";"";"2022-09-07";"1:200004509";"556120-6474";"";"10";"";"";"";"";"";"2022-08-29";""
"Sveriges Ingenjörer CHARM 2023";"Sveriges Ingenjörer";"Fyllt i IA";"0";"0";"";"";"Julia Ekener";"";"";"2022-09-05";"1:200010052";"802003-4586";"";"249";"";"";"";"";"";"2022-08-28";""
"Xamera CHARM2023";"Xamera AB";"Fyllt i IA";"0";"0";"";"";"Ellen Schuchert";"";"";"2022-08-30";"1:203370561";"556935-6735";"";"";"";"";"";"CHARM2023";"";"2022-08-18";""
"Perstorp Holding CHARM 2023";"Perstorp Holding AB";"Fyllt i IA";"0";"0";"";"";"Dina  Eskhria";"";"";"2022-08-30";"1:201511384";"556667-4205";"";"204";"";"";"";"";"";"2022-08-29";""
"XNS Vision AB CHARM 2023";"XNS Vision AB";"Fyllt i IA";"0";"0";"";"";"Alice Eriksson GANoE 23";"";"";"2022-08-29";"1:203475424";"559323-2795";"";"";"";"";"";"";"";"2022-08-29";""
"Saab CHARM 2023";"Saab AB";"Fyllt i IA";"0";"0";"";"";"Julia Ekener";"";"";"2022-08-29";"1:200687221";"556036-0793";"";"221";"";"";"";"";"";"2022-08-28";""
"Techship AB CHARM 2023";"Techship AB";"Inte intresserade";"0";"0";"";"";"Ellen Schuchert";"";"";"2022-09-26";"1:201840024";"556786-1959";"";"264";"";"";"";"";"";"2022-08-28";""
"Systemite CHARM 2023";"Systemite AB";"Inte intresserade";"0";"0";"";"";"Julia Ekener";"";"";"2022-09-26";"1:200917644";"556591-0923";"";"259";"";"";"";"";"";"2022-08-28";""
"Keylinx AB CHARM 2023";"Keylinx AB";"Inte intresserade";"0";"0";"";"";"Alice Eriksson GANoE 23";"";"";"2022-09-23";"1:201945869";"556804-2401";"";"";"";"";"";"";"";"2022-09-06";""
"CoreChange Göteborg AB CHARM 2023";"CoreChange Göteborg AB";"Inte intresserade";"0";"0";"";"";"Alice Eriksson GANoE 23";"";"";"2022-09-23";"1:202413182";"556982-1704";"";"";"";"";"";"";"";"2022-09-06";""
"Siemens Industry Sweden CHARM 2023";"Siemens Industry Software AB";"Inte intresserade";"0";"0";"";"";"Julia Ekener";"";"";"2022-09-22";"1:200705357";"556391-4018";"";"229";"";"";"";"";"";"2022-08-28";""
"Spotify CHARM 2023";"Spotify AB";"Inte intresserade";"0";"0";"";"";"Julia Ekener";"";"";"2022-09-21";"1:202747670";"556703-7485";"";"";"";"";"";"";"";"2022-08-28";""
"Zacco Sweden CHARM 2023";"Zacco Sweden AB";"Inte intresserade";"0";"0";"";"";"Ellen Schuchert";"";"";"2022-09-20";"1:201609216";"556664-8480";"";"293";"";"";"";"";"";"2022-08-28";""
"Stratsys CHARM 2023";"Stratsys AB";"Inte intresserade";"0";"0";"";"";"Julia Ekener";"";"";"2022-09-19";"1:200892384";"556586-9848";"";"";"";"";"";"";"";"2022-08-28";""
"Coffee Stain CHARM 2023";"Coffee Stain Studios AB";"Inte intresserade";"0";"0";"";"";"Alice Eriksson GANoE 23";"";"";"2022-09-13";"1:202009140";"556821-8225";"";"";"";"";"";"CHARM2023";"";"2022-08-18";""
"Surgical Science Sweden CHARM 2023";"Surgical Science Sweden AB";"Inte intresserade";"0";"0";"";"";"Julia Ekener";"";"";"2022-09-12";"1:200676018";"556544-8783";"";"247";"";"";"";"";"";"2022-08-28";""
"Växjö Kommun CHARM 2023";"Växjö kommun";"Inte intresserade";"0";"0";"";"";"Ellen Schuchert";"";"";"2022-09-12";"1:200126231";"212000-0662";"";"194";"";"";"";"";"";"2022-08-28";""
"Samsung Electronics Nordic AB CHARM 2023";"Samsung Electronics Nordic AB";"Inte intresserade";"0";"0";"";"";"Ellen Schuchert";"";"";"2022-09-09";"1:200263656";"556445-4345";"";"";"";"";"";"";"";"2022-08-28";""
"Spark Vision CHARM 2023";"Spark Vision AB";"Inte intresserade";"0";"0";"";"";"Julia Ekener";"";"";"2022-09-09";"1:202302611";"556656-7029";"";"242";"";"";"";"";"";"2022-08-28";""
"Condesign Engineering AB CHARM 2023";"Condesign Engineering AB";"Inte intresserade";"0";"0";"";"";"Alice Eriksson GANoE 23";"";"";"2022-09-08";"1:200187803";"556469-2092";"";"75";"";"";"";"";"";"2022-08-28";""
"Clinton Marine Survey AB CHARM 2023";"Clinton Marine Survey AB";"Inte intresserade";"0";"0";"";"";"Alice Eriksson GANoE 23";"";"";"2022-09-08";"1:202433358";"556949-8263";"";"66";"";"";"";"";"";"2022-08-28";""
"Inter Terminals Sweden AB CHARM 2023";"Inter Terminals Sweden AB";"Inte intresserade";"0";"0";"";"";"Elis Kleen IT 23";"";"";"2022-09-07";"1:200388782";"556093-7723";"";"149";"";"";"";"";"";"2022-08-29";""
"Miljöbron CHARM 2023";"Miljöbron";"Inte intresserade";"0";"0";"";"";"Elis Kleen IT 23";"";"";"2022-09-07";"1:200812779";"855101-3330";"";"181";"";"";"";"";"";"2022-08-29";""
"Försvarets Materialverk FMV CHARM 2023";"Försvarets Materielverk FMV";"Inte intresserade";"0";"0";"";"";"Caroline Eriksson Anmälning 23";"";"";"2022-09-06";"1:200005402";"202100-0340";"";"121";"";"";"";"";"";"2022-08-28";""
"BCG Platinion CHARM 2023";"BCG Platinion";"Inte intresserade";"0";"0";"";"";"Gustav Ekelund Företagsevent 23";"";"";"2022-09-06";"";"928473-8233";"347451";"34";"";"";"";"";"";"2022-08-29";""
"Timeedit CHARM 2023";"Timeedit AB";"Inte intresserade";"0";"0";"";"";"Ellen Schuchert";"";"";"2022-09-06";"1:201257378";"556565-9009";"";"";"";"";"";"";"";"2022-08-28";""
"Artifon CHARM 2023";"Artifon AB";"Inte intresserade";"0";"0";"";"";"Gustav Ekelund Företagsevent 23";"";"";"2022-09-06";"1:201757208";"556662-8318";"";"23";"";"";"";"";"";"2022-08-29";""
"Alektum Group CHARM 2023";"Alektum Group AB";"Inte intresserade";"0";"0";"";"";"Gustav Ekelund Företagsevent 23";"";"";"2022-09-05";"1:200533944";"556331-1678";"";"13";"";"";"";"";"";"2022-08-29";""
"KGH Customs CHARM 2023";"KGH Customs";"Inte intresserade";"0";"0";"";"";"Elis Kleen IT 23";"";"";"2022-09-05";"1:201642214";"556726-9658";"";"155";"";"";"";"";"";"2022-08-29";""
"Binar Solutions AB CHARM 2023";"Binar Solutions AB";"Inte intresserade";"0";"0";"";"";"Alice Eriksson GANoE 23";"";"";"2022-09-05";"1:200142209";"556716-4677";"";"20";"";"";"";"";"";"2022-08-28";""
"Elicera Therapeutics AB CHARM 2023";"Elicera Therapeutics AB";"Inte intresserade";"0";"0";"";"";"Caroline Eriksson Anmälning 23";"";"";"2022-09-05";"1:202367514";"556966-4955";"";"";"";"";"";"";"";"2022-08-28";""
"Stena rederi CHARM2023";"Stena Rederi AB";"Följ upp";"0";"0";"";"";"Julia Ekener";"";"";"2022-09-27";"1:200006688";"556057-8360";"";"245";"";"";"";"CHARM2023|påminnelseutskick";"";"2022-08-18";""
"Smart Eye CHARM 2023";"Smart Eye AB (publ)";"Följ upp";"0";"0";"";"";"Julia Ekener";"";"";"2022-09-26";"1:200888590";"556575-8371";"";"238";"";"";"";"";"";"2022-08-28";""
"SWECO Sverige CHARM 2023";"SWECO Sverige AB";"Följ upp";"0";"0";"";"";"Julia Ekener";"";"";"2022-09-26";"1:200065166";"556767-9849";"";"253";"";"";"";"";"";"2022-08-28";""
"Swegon Group CHARM 2023";"Swegon Group AB";"Följ upp";"0";"0";"";"";"Julia Ekener";"";"";"2022-09-23";"1:202651541";"559078-3964";"";"257";"";"";"";"";"";"2022-08-28";""
"Säkerhetspolisen SÄPO CHARM 2023";"Säkerhetspolisen SÄPO";"Följ upp";"0";"0";"";"";"Julia Ekener";"";"";"2022-09-21";"1:200624770";"202100-0076";"";"";"";"";"";"";"";"2022-08-28";""
"SHL Medical CHARM 2023";"SHL Medical AB";"Följ upp";"0";"0";"";"";"Julia Ekener";"";"";"2022-09-21";"1:200510752";"556530-9696";"";"228";"";"";"";"";"";"2022-08-28";""
"SJ CHARM 2023";"SJ AB";"Följ upp";"0";"0";"";"";"Julia Ekener";"";"";"2022-09-20";"1:200006206";"556196-1599";"";"233";"";"";"";"";"";"2022-08-28";""
"Stena Metall CHARM 2023";"Stena Metall AB";"Följ upp";"0";"0";"";"";"Julia Ekener";"";"";"2022-09-20";"1:202083549";"556138-8371";"";"";"";"";"";"";"";"2022-08-28";""
"Knowit Swedspot Connectivity CHARM 2023";"Knowit Swedspot Connectivity AB";"Följ upp";"0";"0";"";"";"Julia Ekener";"";"";"2022-09-19";"1:202158310";"556880-0188";"";"256";"";"";"";"";"";"2022-08-28";""
"B&R Industrial Automation CHARM 2023";"B&R Industrial Automation AB";"Följ upp";"0";"0";"";"";"Gustav Ekelund Företagsevent 23";"";"";"2022-09-19";"1:201266547";"556637-3675";"";"33";"";"";"";"";"";"2022-08-29";""
"Anytrust CHARM 2023";"Anytrust AB";"Följ upp";"0";"0";"";"";"Julia Ekener";"";"";"2022-09-15";"1:202156783";"556885-2254";"";"";"";"";"";"";"";"2022-08-28";""
"Semcom Sweden CHARM 2023";"Semcon Sweden AB";"Följ upp";"0";"0";"";"";"Julia Ekener";"";"";"2022-09-12";"1:200112998";"556555-8193";"";"227";"";"";"";"";"";"2022-08-28";""
"Stora Enso CHARM 2023";"Stora Enso AB";"Följ upp";"0";"0";"";"";"Julia Ekener";"";"";"2022-09-12";"1:200286690";"556173-3360";"";"246";"";"";"";"";"";"2022-08-28";""
"ST1 Refinery CHARM 2023";"St1 Refinery AB";"Följ upp";"0";"0";"";"";"Julia Ekener";"";"";"2022-09-12";"1:200140540";"556050-2378";"";"244";"";"";"";"";"";"2022-08-28";""
"Setek Group CHARM 2023";"Setek Group AB";"Följ upp";"0";"0";"";"";"Julia Ekener";"";"";"2022-09-12";"1:201783253";"556715-8190";"";"";"";"";"";"";"";"2022-08-28";""
"Skill Rekrytering & Bemanning CHARM 2023";"Skill Rekrytering & Bemanning AB";"Följ upp";"0";"0";"";"";"Julia Ekener";"";"";"2022-09-05";"1:201493581";"556685-8618";"";"237";"";"";"";"";"";"2022-08-28";""
"Huawei Technologies Sweden AB CHARM 2023";"Huawei Technologies Sweden AB";"Följ upp";"0";"0";"";"";"Caroline Eriksson Anmälning 23";"";"";"2022-08-31";"1:201043066";"556595-6827";"";"137";"";"";"";"";"";"2022-08-28";""
"Cellectricon AB CHARM 2023";"Cellectricon AB";"Ej fått utskick (studsat)";"0";"0";"";"";"Alice Eriksson GANoE 23";"";"";"2022-09-08";"1:201055147";"556602-0896";"";"";"";"";"";"";"";"2022-08-28";""
"Borregaard AS CHARM 2023";"Borregaard AS";"Ej fått utskick (studsat)";"0";"0";"";"";"Alice Eriksson GANoE 23";"";"";"2022-09-06";"1:202160156";"502070-8169";"";"";"";"";"";"";"";"2022-08-28";""
"Tefal - OBH Nordica Group CHARM 2023";"Tefal - OBH Nordica Group AB";"Ej fått utskick (studsat)";"0";"0";"";"";"Ellen Schuchert";"";"";"2022-09-06";"1:200003129";"556280-6124";"";"";"";"";"";"";"";"2022-08-28";""
"Quintus Tecnologies CHARM2023";"Quintus Technologies AB";"Ej fått utskick (studsat)";"0";"0";"";"";"Johannes Jensen Ga NoE 22";"";"";"2022-09-06";"1:200398905";"556064-1770";"";"";"";"";"";"CHARM2023";"";"2022-08-18";""
"Atkins CHARM 2023";"Atkins Sverige AB";"Ej fått utskick (studsat)";"0";"0";"";"";"Gustav Ekelund Företagsevent 23";"";"";"2022-08-31";"1:201159549";"556611-6751";"";"29";"";"";"";"";"";"2022-08-29";""
"Bico Group CHARM 2023";"Bico Group AB";"Ej fått utskick (studsat)";"0";"0";"";"";"Gustav Ekelund Företagsevent 23";"";"";"2022-08-31";"1:202580259";"559050-5052";"";"56";"";"";"";"";"";"2022-08-29";""
"Trimble Solutions Sweden CHARM 2023";"Trimble Solutions Sweden AB";"Ej fått utskick (studsat)";"0";"0";"";"";"Ellen Schuchert";"";"";"2022-08-31";"1:200624338";"556527-5681";"";"275";"";"";"";"";"";"2022-08-28";""
"cilbuper IT CHARM 2023";"cilbuper IT AB";"Ej fått utskick (studsat)";"0";"0";"";"";"Ellen Schuchert";"";"";"2022-08-31";"1:202607806";"559050-1804";"";"65";"";"";"";"";"";"2022-08-28";""
"Wellspect AB CHARM 2023";"Wellspect AB";"Ej fått utskick (studsat)";"0";"0";"";"";"Alice Eriksson GANoE 23";"";"";"2022-08-31";"1:200139704";"559332-0673";"";"86";"";"";"";"";"";"2022-08-28";""
"Monocl CHARM 2023";"Monocl AB";"Ej fått utskick (studsat)";"0";"0";"";"";"Dina  Eskhria";"";"";"2022-08-31";"1:202104503";"556864-8587";"";"184";"";"";"";"";"";"2022-08-29";""
"Randstad Sweden Group CHARM 2023";"Randstad Sweden Group AB";"Ej fått utskick (studsat)";"0";"0";"";"";"Dina  Eskhria";"";"";"2022-08-31";"1:200514869";"556548-3905";"";"88";"";"";"";"";"";"2022-08-29";""
"National Electric Vehicle Sweden CHARM 2023";"National Electric Vehicle Sweden AB Nevs";"Ej fått utskick (studsat)";"0";"0";"";"";"Dina  Eskhria";"";"";"2022-08-31";"1:202202875";"556889-7556";"";"187";"";"";"";"";"";"2022-08-29";""
"Alten CHARM 2023";"Alten Sverige AB";"Ej fått utskick (studsat)";"0";"0";"";"";"Gustav Ekelund Företagsevent 23";"";"";"2022-08-31";"1:200526022";"556420-7453";"";"14";"";"";"";"";"";"2022-08-29";""
"Queenslab CHARM 2023";"Queenslab AB";"Ej fått utskick (studsat)";"0";"0";"";"";"Dina  Eskhria";"";"";"2022-08-31";"1:202701130";"559111-7493";"";"";"";"";"";"";"";"2022-08-29";""
"Omegapoint Göteborg CHARM 2023";"Omegapoint Göteborg AB";"Ej fått utskick (studsat)";"0";"0";"";"";"Dina  Eskhria";"";"";"2022-08-31";"1:200828524";"556572-9992";"";"195";"";"";"";"";"";"2022-08-29";""
"Vecscan CHARM 2023";"Vecscan AB";"Ej fått utskick (studsat)";"0";"0";"";"";"Ellen Schuchert";"";"";"2022-08-31";"1:201234227";"556617-6581";"";"281";"";"";"";"";"";"2022-08-28";""
"Tetra Pak CHARM 2023";"AB Tetra Pak";"Fyllt i intresseanmälan";"0";"0";"";"";"Gustav Ekelund Företagsevent 23";"";"";"2022-08-30";"1:200079139";"556050-0398";"";"266";"";"";"";"";"";"2022-08-30";""
"AB SKF CHARM 2023";"AB SKF";"Fyllt i intresseanmälan";"0";"0";"";"";"Gustav Ekelund Företagsevent 23";"";"";"2022-08-30";"1:200149069";"553240-8301";"";"236";"";"";"";"";"";"2022-08-30";""
"Emerson CHARM 2023";"Emerson";"Fyllt i intresseanmälan";"0";"0";"";"";"Elin Nilsson Anmälning 22";"";"";"2022-08-18";"";"";"2637783";"";"";"";"";"CHARM2023";"";"2022-08-18";""
"J3M CHARM2023";"J3M Structure AB";"Fyllt i intresseanmälan";"0";"0";"";"";"Johannes Jensen Ga NoE 22";"";"";"2022-08-18";"1:202550582";"559041-2846";"";"";"";"";"";"CHARM2023";"";"2022-08-18";""
"Mellifiq construction CHARM2023";"Mellifiq Construction AB";"Fyllt i intresseanmälan";"0";"0";"";"";"Johannes Jensen Ga NoE 22";"";"";"2022-08-18";"1:203370881";"559272-1657";"";"";"";"";"";"CHARM2023";"";"2022-08-18";""
"Port of gothenburg CHARM2023";"Portofgoth";"Fyllt i intresseanmälan";"0";"0";"";"";"Johannes Jensen Ga NoE 22";"";"";"2022-08-18";"1:202739490";"561028-5172";"";"";"";"";"";"CHARM2023";"";"2022-08-18";""
"Axis CHARM 2023";"Axis Communications AB";"Fyllt i intresseanmälan";"0";"0";"";"";"Elin Nilsson Anmälning 22";"";"";"2022-08-18";"1:200106431";"556253-6143";"";"";"";"";"";"CHARM2023";"";"2022-08-18";""
"Random forest west CHARM2023";"Random Forest West AB";"Fyllt i intresseanmälan";"0";"0";"";"";"Johannes Jensen Ga NoE 22";"";"";"2022-08-18";"1:202783957";"556958-0276";"";"";"";"";"";"CHARM2023";"";"2022-08-18";""
"Albert CHARM 2023";"Eeducation Albert AB";"Fyllt i intresseanmälan";"0";"0";"";"";"Elin Nilsson Anmälning 22";"";"";"2022-08-18";"1:202532716";"559020-9093";"";"";"";"";"";"CHARM2023";"";"2022-08-18";""
"Beyond Gravity CHARM 2023";"Beyond Gravity Sweden AB";"Fyllt i intresseanmälan";"0";"0";"";"";"Gustav Ekelund Företagsevent 23";"";"";"2022-08-18";"1:200276916";"556134-2204";"";"220";"";"";"";"CHARM2023";"";"2022-08-18";""
